featureLabel,cargoFeatures,implementation,scenarioId,plotKind,sizeLabel,boundary,outputTarget,elements,width,height,dpi,byteCount,actualBackend,datasetHash,warmupIterations,measuredIterations,meanMs,medianMs,p95Ms,minMs,maxMs,stdevMs,throughputElementsPerSec
baseline_cpu,serde,ruviz,line,line,100k,render_only,png_bytes,100000,640,480,100,38707,,b011dead6d088b24bf6de0b18338f6f1c160e63fa55daae5584ab9176cf930e9,5,20,11.1548188,11.157375000000002,11.276458649999999,11.040458,11.293875,0.0727479627789274,8962681.634344995
baseline_cpu,serde,ruviz,line,line,100k,public_api_render,png_bytes,100000,640,480,100,38707,,b011dead6d088b24bf6de0b18338f6f1c160e63fa55daae5584ab9176cf930e9,5,20,11.692662649999999,11.715375,11.938367,11.407125,12.075166999999999,0.1866313596679362,8535791.641326034
baseline_cpu,serde,ruviz,line,line,100k,save_only,png_bytes,100000,640,480,100,38707,skia,b011dead6d088b24bf6de0b18338f6f1c160e63fa55daae5584ab9176cf930e9,5,20,11.306037599999998,11.249,11.6885042,11.103625000000001,11.762208999999999,0.20039330092185667,8889679.082585119
baseline_cpu,serde,ruviz,line,line,100k,public_api_save,png_bytes,100000,640,480,100,38707,skia,b011dead6d088b24bf6de0b18338f6f1c160e63fa55daae5584ab9176cf930e9,5,20,11.448191699999999,11.433083499999999,11.51170835,11.397124999999999,11.636792,0.05599546943994676,8746546.808654027
baseline_cpu,serde,ruviz,line,line,500k,render_only,png_bytes,500000,640,480,100,23434,,bb2c854f3c82323e5fdb91fa340248e3f1cff60601ae3783f961a40ada3de5e0,5,20,25.338943750000002,25.0199585,26.11757885,24.635832999999998,26.1555,0.6018619479932237,19984045.93676684
baseline_cpu,serde,ruviz,line,line,500k,public_api_render,png_bytes,500000,640,480,100,23434,,bb2c854f3c82323e5fdb91fa340248e3f1cff60601ae3783f961a40ada3de5e0,5,20,27.505235400000004,27.757895500000004,28.06850175,26.532833,28.140583,0.5761741975629462,18012892.94427958
baseline_cpu,serde,ruviz,line,line,500k,save_only,png_bytes,500000,640,480,100,23434,skia,bb2c854f3c82323e5fdb91fa340248e3f1cff60601ae3783f961a40ada3de5e0,5,20,25.641337650000004,25.8730415,26.402535750000002,24.761125,26.948667,0.7017847266981274,19325134.23286551
baseline_cpu,serde,ruviz,line,line,500k,public_api_save,png_bytes,500000,640,480,100,23434,skia,bb2c854f3c82323e5fdb91fa340248e3f1cff60601ae3783f961a40ada3de5e0,5,20,27.430595850000003,26.980103999999997,28.9399729,26.587542,29.820583000000003,0.84456931449282,18532174.672121353
baseline_cpu,serde,ruviz,line,line,1m,render_only,png_bytes,1000000,640,480,100,25404,,a99f5c6c0498478ac2e21ec841c22c98fa67971d4e5be8cb3469ac9e62356b73,5,20,35.42468965,35.612353999999996,36.41765355,33.876667,36.844916999999995,0.7763584704292127,28080143.199744675
baseline_cpu,serde,ruviz,line,line,1m,public_api_render,png_bytes,1000000,640,480,100,25404,,a99f5c6c0498478ac2e21ec841c22c98fa67971d4e5be8cb3469ac9e62356b73,5,20,38.7002291,38.390312,40.280679799999994,37.402083000000005,40.303875000000005,0.8909763593540985,26048238.420151416
baseline_cpu,serde,ruviz,line,line,1m,save_only,png_bytes,1000000,640,480,100,25404,skia,a99f5c6c0498478ac2e21ec841c22c98fa67971d4e5be8cb3469ac9e62356b73,5,20,35.74922299999999,35.633604500000004,36.700157999999995,35.281833999999996,36.848833,0.3977049409691346,28063397.291172154
baseline_cpu,serde,ruviz,line,line,1m,public_api_save,png_bytes,1000000,640,480,100,25404,skia,a99f5c6c0498478ac2e21ec841c22c98fa67971d4e5be8cb3469ac9e62356b73,5,20,37.9242814,37.912167,38.3362417,37.399417,38.744583999999996,0.29592723527181697,26376756.569995064
baseline_cpu,serde,ruviz,scatter,scatter,100k,render_only,png_bytes,100000,640,480,100,106974,,a46d0038919ead765fe86c88bfecc07db54acdbe2c751326d1c3a64350d257d8,5,20,12.33519795,12.312395500000001,12.74320805,12.01175,12.755084,0.2459228988609138,8121896.344216687
baseline_cpu,serde,ruviz,scatter,scatter,100k,public_api_render,png_bytes,100000,640,480,100,106974,,a46d0038919ead765fe86c88bfecc07db54acdbe2c751326d1c3a64350d257d8,5,20,12.66155435,12.613541999999999,12.9978923,12.342875,13.132,0.20012781037581573,7927987.237843265
baseline_cpu,serde,ruviz,scatter,scatter,100k,save_only,png_bytes,100000,640,480,100,106974,skia,a46d0038919ead765fe86c88bfecc07db54acdbe2c751326d1c3a64350d257d8,5,20,12.143160550000001,12.136917,12.2276441,12.077167,12.296084,0.05174410198423835,8239324.698356262
baseline_cpu,serde,ruviz,scatter,scatter,100k,public_api_save,png_bytes,100000,640,480,100,106974,skia,a46d0038919ead765fe86c88bfecc07db54acdbe2c751326d1c3a64350d257d8,5,20,12.787925149999998,12.736792000000001,13.36185835,12.431709000000001,13.380542,0.29272242570255336,7851270.55541144
baseline_cpu,serde,ruviz,scatter,scatter,250k,render_only,png_bytes,250000,640,480,100,125256,,13bf7083712ae181cae3443a816b8c78bba1e470f1d55bb8c09f5c089cecaa12,5,20,27.232923,27.136792,27.594958050000002,27.061625,27.851459,0.2134348700517328,9212584.892127264
baseline_cpu,serde,ruviz,scatter,scatter,250k,public_api_render,png_bytes,250000,640,480,100,125256,,13bf7083712ae181cae3443a816b8c78bba1e470f1d55bb8c09f5c089cecaa12,5,20,28.637650099999995,28.5483335,29.170637499999998,28.218833,29.235,0.29346912707219436,8757078.587441891
baseline_cpu,serde,ruviz,scatter,scatter,250k,save_only,png_bytes,250000,640,480,100,125256,skia,13bf7083712ae181cae3443a816b8c78bba1e470f1d55bb8c09f5c089cecaa12,5,20,27.44983115,27.349478499999996,27.91778365,27.175625,28.174125,0.27685893355267366,9140942.12070625
baseline_cpu,serde,ruviz,scatter,scatter,250k,public_api_save,png_bytes,250000,640,480,100,125256,skia,13bf7083712ae181cae3443a816b8c78bba1e470f1d55bb8c09f5c089cecaa12,5,20,28.604774900000002,28.517479,29.4903423,27.97825,30.245749999999997,0.550428605745501,8766553.312794585
baseline_cpu,serde,ruviz,scatter,scatter,500k,render_only,png_bytes,500000,640,480,100,131090,,6151ba3542b2b645cbbb4be0fbf8bb868a18da7e9e93fcfc0dfdffe3b5bf0048,5,20,54.405147899999996,54.025833,55.42486459999999,53.651334,55.522042,0.6946754822013453,9254831.85053343
baseline_cpu,serde,ruviz,scatter,scatter,500k,public_api_render,png_bytes,500000,640,480,100,131090,,6151ba3542b2b645cbbb4be0fbf8bb868a18da7e9e93fcfc0dfdffe3b5bf0048,5,20,56.98199994999999,56.191520999999995,59.47768785,55.707833,63.420584000000005,1.8317443022442472,8898139.63213418
baseline_cpu,serde,ruviz,scatter,scatter,500k,save_only,png_bytes,500000,640,480,100,131090,skia,6151ba3542b2b645cbbb4be0fbf8bb868a18da7e9e93fcfc0dfdffe3b5bf0048,5,20,54.80918129999999,54.782979,56.188224700000006,53.656625,56.566167,0.8572583203404672,9126922.433334632
baseline_cpu,serde,ruviz,scatter,scatter,500k,public_api_save,png_bytes,500000,640,480,100,131090,skia,6151ba3542b2b645cbbb4be0fbf8bb868a18da7e9e93fcfc0dfdffe3b5bf0048,5,20,57.42392494999999,57.295292,59.71543779999999,56.01475,60.029332999999994,1.1102461341154304,8726720.513092069
baseline_cpu,serde,ruviz,histogram,histogram,100k,render_only,png_bytes,100000,640,480,100,22387,,52c1b6c47f7aa39ea17de6f03853499569caeef82ed7d0d2527b9636d212c24a,5,20,3.09807285,3.0982495000000005,3.1337110499999996,3.072584,3.1384999999999996,0.019085762294043542,32276290.208390247
baseline_cpu,serde,ruviz,histogram,histogram,100k,public_api_render,png_bytes,100000,640,480,100,22387,,52c1b6c47f7aa39ea17de6f03853499569caeef82ed7d0d2527b9636d212c24a,5,20,4.66263745,4.6619585,4.6888393,4.621375,4.703209,0.01837181314570033,21450212.39464058
baseline_cpu,serde,ruviz,histogram,histogram,100k,save_only,png_bytes,100000,640,480,100,22387,skia,52c1b6c47f7aa39ea17de6f03853499569caeef82ed7d0d2527b9636d212c24a,5,20,3.0788915,3.0779585000000003,3.08931395,3.062792,3.092125,0.008961175442752517,32489067.022833478
baseline_cpu,serde,ruviz,histogram,histogram,100k,public_api_save,png_bytes,100000,640,480,100,22387,skia,52c1b6c47f7aa39ea17de6f03853499569caeef82ed7d0d2527b9636d212c24a,5,20,4.6552103,4.653312,4.68684315,4.622791,4.694959,0.019739401103003464,21490069.868515156
baseline_cpu,serde,ruviz,histogram,histogram,1m,render_only,png_bytes,1000000,640,480,100,23392,,4411c1d13a7c32a0e886b128951e4891611f7298039147b3e7a42b6368c63ad1,5,20,4.03756045,4.0238335,4.1123944,3.963291,4.149166999999999,0.0501620297094956,248519229.23749202
baseline_cpu,serde,ruviz,histogram,histogram,1m,public_api_render,png_bytes,1000000,640,480,100,23392,,4411c1d13a7c32a0e886b128951e4891611f7298039147b3e7a42b6368c63ad1,5,20,21.476425000000003,21.37825,21.98585145,21.104083,22.196,0.3045153774074129,46776513.51256534
baseline_cpu,serde,ruviz,histogram,histogram,1m,save_only,png_bytes,1000000,640,480,100,23392,skia,4411c1d13a7c32a0e886b128951e4891611f7298039147b3e7a42b6368c63ad1,5,20,3.9355812500000007,3.9171875000000003,4.030225000000001,3.8806249999999998,4.07725,0.05540564216269437,255285201.43597922
baseline_cpu,serde,ruviz,histogram,histogram,1m,public_api_save,png_bytes,1000000,640,480,100,23392,skia,4411c1d13a7c32a0e886b128951e4891611f7298039147b3e7a42b6368c63ad1,5,20,21.9500437,21.702479,23.42038155,21.082209000000002,23.540833,0.8197349826740277,46077685.410961576
baseline_cpu,serde,ruviz,histogram,histogram,5m,render_only,png_bytes,5000000,640,480,100,23458,,88dd6f1a74af9aaccc11779d73399b58293f641714c0d89731e364217cbff3b0,5,20,7.257214649999999,7.204146000000001,7.5296729000000004,7.133417000000001,7.587583,0.130941163720792,694044790.3193521
baseline_cpu,serde,ruviz,histogram,histogram,5m,public_api_render,png_bytes,5000000,640,480,100,23458,,88dd6f1a74af9aaccc11779d73399b58293f641714c0d89731e364217cbff3b0,5,20,124.59077300000001,123.74097900000001,130.35312944999998,119.37858299999999,130.589916,4.003066498332221,40406985.950870804
baseline_cpu,serde,ruviz,histogram,histogram,5m,save_only,png_bytes,5000000,640,480,100,23458,skia,88dd6f1a74af9aaccc11779d73399b58293f641714c0d89731e364217cbff3b0,5,20,7.31838125,7.2540415000000005,7.594866700000001,7.177625,7.601834,0.1354757084646058,689270939.5169575
baseline_cpu,serde,ruviz,histogram,histogram,5m,public_api_save,png_bytes,5000000,640,480,100,23458,skia,88dd6f1a74af9aaccc11779d73399b58293f641714c0d89731e364217cbff3b0,5,20,127.36012719999997,129.283771,134.27735239999998,119.30937499999999,137.632,5.5851226426136105,38674614.464950904
baseline_cpu,serde,ruviz,heatmap,heatmap,512x512,render_only,png_bytes,262144,640,640,100,531549,,d6e83388d86d7ccf73c04735510f2453502c221c0a33edab5818c4f79f4e3ec7,5,20,6.418914549999999,6.415021,6.47266905,6.365583,6.489333,0.03156731381879383,40864090.70211929
baseline_cpu,serde,ruviz,heatmap,heatmap,512x512,public_api_render,png_bytes,262144,640,640,100,531549,,d6e83388d86d7ccf73c04735510f2453502c221c0a33edab5818c4f79f4e3ec7,5,20,7.392877200000001,7.247688,7.871891650000001,7.156709,9.698583000000001,0.5613147108139681,36169327.37722705
baseline_cpu,serde,ruviz,heatmap,heatmap,512x512,save_only,png_bytes,262144,640,640,100,531549,skia,d6e83388d86d7ccf73c04735510f2453502c221c0a33edab5818c4f79f4e3ec7,5,20,6.32899175,6.328396,6.3532444,6.30225,6.353917,0.015686017635142557,41423450.74486489
baseline_cpu,serde,ruviz,heatmap,heatmap,512x512,public_api_save,png_bytes,262144,640,640,100,531549,skia,d6e83388d86d7ccf73c04735510f2453502c221c0a33edab5818c4f79f4e3ec7,5,20,7.334391499999998,7.247979,7.62333125,7.128625,7.65575,0.17658733684005537,36167875.21045522
baseline_cpu,serde,ruviz,heatmap,heatmap,1024x1024,render_only,png_bytes,1048576,640,640,100,717492,,b300137331a87f639a564df0c3cbf9cd7231cbd67ead169ae49a9fa3994887c5,5,20,13.7199354,13.648666500000001,14.14645625,13.488375,14.278625,0.21158083353585289,76826259.91337688
baseline_cpu,serde,ruviz,heatmap,heatmap,1024x1024,public_api_render,png_bytes,1048576,640,640,100,717492,,b300137331a87f639a564df0c3cbf9cd7231cbd67ead169ae49a9fa3994887c5,5,20,17.108989549999997,17.105,17.3028455,16.954334000000003,17.310208,0.0973008050821209,61302309.266296394
baseline_cpu,serde,ruviz,heatmap,heatmap,1024x1024,save_only,png_bytes,1048576,640,640,100,717492,skia,b300137331a87f639a564df0c3cbf9cd7231cbd67ead169ae49a9fa3994887c5,5,20,13.713829199999997,13.691416499999999,13.930603849999999,13.5665,13.990375,0.11661232642239024,76586378.04203825
baseline_cpu,serde,ruviz,heatmap,heatmap,1024x1024,public_api_save,png_bytes,1048576,640,640,100,717492,skia,b300137331a87f639a564df0c3cbf9cd7231cbd67ead169ae49a9fa3994887c5,5,20,17.4075271,17.423854,17.6742045,17.170375,17.679667,0.16860190873736902,60180485.90168398
baseline_cpu,serde,ruviz,heatmap,heatmap,2048x2048,render_only,png_bytes,4194304,640,640,100,851187,,2c5b8bacf8c3f6c2ef6b288cab14a31d5528affcea5b33b4e0c6de0cded48a17,5,20,40.2442563,39.2433955,43.0847524,38.608625,45.269,1.8788626170100908,106879232.71063535
baseline_cpu,serde,ruviz,heatmap,heatmap,2048x2048,public_api_render,png_bytes,4194304,640,640,100,851187,,2c5b8bacf8c3f6c2ef6b288cab14a31d5528affcea5b33b4e0c6de0cded48a17,5,20,52.153027099999996,51.8776455,53.24073095,50.975833,55.723042,1.0522953403113293,80849929.86044441
baseline_cpu,serde,ruviz,heatmap,heatmap,2048x2048,save_only,png_bytes,4194304,640,640,100,851187,skia,2c5b8bacf8c3f6c2ef6b288cab14a31d5528affcea5b33b4e0c6de0cded48a17,5,20,39.385056150000004,39.308896000000004,40.1854583,38.679916,40.320041,0.5407008636614519,106701139.6097209
baseline_cpu,serde,ruviz,heatmap,heatmap,2048x2048,public_api_save,png_bytes,4194304,640,640,100,851187,skia,2c5b8bacf8c3f6c2ef6b288cab14a31d5528affcea5b33b4e0c6de0cded48a17,5,20,52.12877075,51.7338125,54.430835450000004,50.943291,55.353959,1.159717266530801,81074712.9838923
default,"ndarray,parallel,serde",ruviz,line,line,100k,render_only,png_bytes,100000,640,480,100,38707,,b011dead6d088b24bf6de0b18338f6f1c160e63fa55daae5584ab9176cf930e9,5,20,11.129160500000001,11.1167705,11.20645175,11.047875000000001,11.310832999999999,0.06150319800114776,8995418.228702301
default,"ndarray,parallel,serde",ruviz,line,line,100k,public_api_render,png_bytes,100000,640,480,100,38707,,b011dead6d088b24bf6de0b18338f6f1c160e63fa55daae5584ab9176cf930e9,5,20,11.337516699999998,11.310103999999999,11.5513119,11.2455,11.599208999999998,0.10176865325624274,8841651.677119857
default,"ndarray,parallel,serde",ruviz,line,line,100k,save_only,png_bytes,100000,640,480,100,38707,skia,b011dead6d088b24bf6de0b18338f6f1c160e63fa55daae5584ab9176cf930e9,5,20,11.257766649999999,11.204375,11.620973250000002,11.032833,11.705167000000001,0.18056903960426882,8925085.067217046
default,"ndarray,parallel,serde",ruviz,line,line,100k,public_api_save,png_bytes,100000,640,480,100,38707,skia,b011dead6d088b24bf6de0b18338f6f1c160e63fa55daae5584ab9176cf930e9,5,20,11.368297850000001,11.3344375,11.547793749999999,11.261208,11.59375,0.09348082498806902,8822669.850180037
default,"ndarray,parallel,serde",ruviz,line,line,500k,render_only,png_bytes,500000,640,480,100,23434,,bb2c854f3c82323e5fdb91fa340248e3f1cff60601ae3783f961a40ada3de5e0,5,20,25.3732707,25.192583499999998,26.166477049999997,24.767083,26.237291,0.5553302026098949,19847110.956286006
default,"ndarray,parallel,serde",ruviz,line,line,500k,public_api_render,png_bytes,500000,640,480,100,23434,,bb2c854f3c82323e5fdb91fa340248e3f1cff60601ae3783f961a40ada3de5e0,5,20,27.764751999999994,27.926771,28.18284345,26.821959,28.197291999999997,0.4716722792824203,17903967.48696797
default,"ndarray,parallel,serde",ruviz,line,line,500k,save_only,png_bytes,500000,640,480,100,23434,skia,bb2c854f3c82323e5fdb91fa340248e3f1cff60601ae3783f961a40ada3de5e0,5,20,24.98095625,24.9021245,25.61473155,24.63175,25.634958,0.266872136210322,20078608.152489156
default,"ndarray,parallel,serde",ruviz,line,line,500k,public_api_save,png_bytes,500000,640,480,100,23434,skia,bb2c854f3c82323e5fdb91fa340248e3f1cff60601ae3783f961a40ada3de5e0,5,20,28.041581399999995,28.075375,28.352425599999997,27.303041999999998,28.358916,0.22049689578562057,17809201.123760592
default,"ndarray,parallel,serde",ruviz,line,line,1m,render_only,png_bytes,1000000,640,480,100,25404,,a99f5c6c0498478ac2e21ec841c22c98fa67971d4e5be8cb3469ac9e62356b73,5,20,34.2641958,33.918645999999995,35.89877885,33.613499999999995,35.980875000000005,0.7673766915545607,29482308.934147906
default,"ndarray,parallel,serde",ruviz,line,line,1m,public_api_render,png_bytes,1000000,640,480,100,25404,,a99f5c6c0498478ac2e21ec841c22c98fa67971d4e5be8cb3469ac9e62356b73,5,20,39.526279349999996,39.6260205,40.54495690000001,37.953958,40.708792,0.7432543733010845,25235943.134890366
default,"ndarray,parallel,serde",ruviz,line,line,1m,save_only,png_bytes,1000000,640,480,100,25404,skia,a99f5c6c0498478ac2e21ec841c22c98fa67971d4e5be8cb3469ac9e62356b73,5,20,34.132300050000005,33.9643755,35.01547675,33.422083,35.977708,0.6146189027488994,29442614.0707342
default,"ndarray,parallel,serde",ruviz,line,line,1m,public_api_save,png_bytes,1000000,640,480,100,25404,skia,a99f5c6c0498478ac2e21ec841c22c98fa67971d4e5be8cb3469ac9e62356b73,5,20,39.0985792,39.378437500000004,39.92250035000001,37.884750000000004,40.353959,0.7833877582976331,25394608.407202546
default,"ndarray,parallel,serde",ruviz,scatter,scatter,100k,render_only,png_bytes,100000,640,480,100,106974,,a46d0038919ead765fe86c88bfecc07db54acdbe2c751326d1c3a64350d257d8,5,20,12.186458349999999,12.175062,12.3591146,12.061292,12.382667,0.09025662233774547,8213510.534895017
default,"ndarray,parallel,serde",ruviz,scatter,scatter,100k,public_api_render,png_bytes,100000,640,480,100,106974,,a46d0038919ead765fe86c88bfecc07db54acdbe2c751326d1c3a64350d257d8,5,20,12.64158345,12.596896000000001,12.944358,12.378791999999999,13.096833,0.21511587106156624,7938463.5707082115
default,"ndarray,parallel,serde",ruviz,scatter,scatter,100k,save_only,png_bytes,100000,640,480,100,106974,skia,a46d0038919ead765fe86c88bfecc07db54acdbe2c751326d1c3a64350d257d8,5,20,12.5910479,12.6191665,12.953149699999999,12.10075,13.058917,0.2826132304222039,7924453.647552712
default,"ndarray,parallel,serde",ruviz,scatter,scatter,100k,public_api_save,png_bytes,100000,640,480,100,106974,skia,a46d0038919ead765fe86c88bfecc07db54acdbe2c751326d1c3a64350d257d8,5,20,12.6152916,12.590771,12.926637499999998,12.40025,12.950625,0.14271769615403615,7942325.374673243
default,"ndarray,parallel,serde",ruviz,scatter,scatter,250k,render_only,png_bytes,250000,640,480,100,125256,,13bf7083712ae181cae3443a816b8c78bba1e470f1d55bb8c09f5c089cecaa12,5,20,27.87975215,27.731021,28.7194827,27.547583,29.122124999999997,0.3980293172319519,9015174.738788018
default,"ndarray,parallel,serde",ruviz,scatter,scatter,250k,public_api_render,png_bytes,250000,640,480,100,125256,,13bf7083712ae181cae3443a816b8c78bba1e470f1d55bb8c09f5c089cecaa12,5,20,29.002106350000002,28.5158335,30.93677775,28.120917,31.337084,1.0159764530645425,8767059.18485602
default,"ndarray,parallel,serde",ruviz,scatter,scatter,250k,save_only,png_bytes,250000,640,480,100,125256,skia,13bf7083712ae181cae3443a816b8c78bba1e470f1d55bb8c09f5c089cecaa12,5,20,27.869324999999996,27.795854,28.095174999999998,27.55875,28.556874999999998,0.2038730257687491,8994147.112731274
default,"ndarray,parallel,serde",ruviz,scatter,scatter,250k,public_api_save,png_bytes,250000,640,480,100,125256,skia,13bf7083712ae181cae3443a816b8c78bba1e470f1d55bb8c09f5c089cecaa12,5,20,28.46800835000001,28.506999999999998,28.8470101,28.137042,28.971500000000002,0.23456308746852275,8769775.844529415
default,"ndarray,parallel,serde",ruviz,scatter,scatter,500k,render_only,png_bytes,500000,640,480,100,131090,,6151ba3542b2b645cbbb4be0fbf8bb868a18da7e9e93fcfc0dfdffe3b5bf0048,5,20,54.8462812,54.8914165,55.74952885,54.036375,55.948,0.6431240329231415,9108892.280089
default,"ndarray,parallel,serde",ruviz,scatter,scatter,500k,public_api_render,png_bytes,500000,640,480,100,131090,,6151ba3542b2b645cbbb4be0fbf8bb868a18da7e9e93fcfc0dfdffe3b5bf0048,5,20,57.5375229,57.2906455,59.52323954999999,55.935209,59.703541,1.0595897508681513,8727428.284954479
default,"ndarray,parallel,serde",ruviz,scatter,scatter,500k,save_only,png_bytes,500000,640,480,100,131090,skia,6151ba3542b2b645cbbb4be0fbf8bb868a18da7e9e93fcfc0dfdffe3b5bf0048,5,20,55.38356875000001,55.3340625,58.0049583,53.83375,60.141666,1.5306899840371564,9036025.504181985
default,"ndarray,parallel,serde",ruviz,scatter,scatter,500k,public_api_save,png_bytes,500000,640,480,100,131090,skia,6151ba3542b2b645cbbb4be0fbf8bb868a18da7e9e93fcfc0dfdffe3b5bf0048,5,20,56.76746465000001,56.9931455,57.61734105,55.811583999999996,57.727542,0.7126658001077286,8772984.814463347
default,"ndarray,parallel,serde",ruviz,histogram,histogram,100k,render_only,png_bytes,100000,640,480,100,22387,,52c1b6c47f7aa39ea17de6f03853499569caeef82ed7d0d2527b9636d212c24a,5,20,3.1142250000000002,3.1025835,3.2060122000000004,3.062458,3.230792,0.04089016845031016,32231203.447062746
default,"ndarray,parallel,serde",ruviz,histogram,histogram,100k,public_api_render,png_bytes,100000,640,480,100,22387,,52c1b6c47f7aa39ea17de6f03853499569caeef82ed7d0d2527b9636d212c24a,5,20,4.623960349999999,4.6212705,4.64889195,4.597625,4.653166000000001,0.015186229563151592,21639070.900524
default,"ndarray,parallel,serde",ruviz,histogram,histogram,100k,save_only,png_bytes,100000,640,480,100,22387,skia,52c1b6c47f7aa39ea17de6f03853499569caeef82ed7d0d2527b9636d212c24a,5,20,3.0670771999999995,3.0658335,3.0847298000000003,3.0469999999999997,3.085125,0.011497211683021749,32617557.346150726
default,"ndarray,parallel,serde",ruviz,histogram,histogram,100k,public_api_save,png_bytes,100000,640,480,100,22387,skia,52c1b6c47f7aa39ea17de6f03853499569caeef82ed7d0d2527b9636d212c24a,5,20,4.6388168,4.594854,4.81523815,4.5661249999999995,4.827667,0.08427757924270562,21763477.142037593
default,"ndarray,parallel,serde",ruviz,histogram,histogram,1m,render_only,png_bytes,1000000,640,480,100,23392,,4411c1d13a7c32a0e886b128951e4891611f7298039147b3e7a42b6368c63ad1,5,20,3.9292958999999996,3.9171039999999997,3.9717569,3.869666,4.186417,0.06695674714784945,255290643.29157463
default,"ndarray,parallel,serde",ruviz,histogram,histogram,1m,public_api_render,png_bytes,1000000,640,480,100,23392,,4411c1d13a7c32a0e886b128951e4891611f7298039147b3e7a42b6368c63ad1,5,20,21.275281200000002,21.2378545,21.781425,20.999791000000002,21.808500000000002,0.22453268952381975,47085735.5200357
default,"ndarray,parallel,serde",ruviz,histogram,histogram,1m,save_only,png_bytes,1000000,640,480,100,23392,skia,4411c1d13a7c32a0e886b128951e4891611f7298039147b3e7a42b6368c63ad1,5,20,3.91944795,3.9064585000000003,4.00051455,3.870292,4.034041,0.04514020115324321,255986336.47330436
default,"ndarray,parallel,serde",ruviz,histogram,histogram,1m,public_api_save,png_bytes,1000000,640,480,100,23392,skia,4411c1d13a7c32a0e886b128951e4891611f7298039147b3e7a42b6368c63ad1,5,20,21.7557603,21.716707999999997,22.33196425,21.113375,22.628958,0.4745869074110772,46047494.85971815
default,"ndarray,parallel,serde",ruviz,histogram,histogram,5m,render_only,png_bytes,5000000,640,480,100,23458,,88dd6f1a74af9aaccc11779d73399b58293f641714c0d89731e364217cbff3b0,5,20,7.3550228,7.3198745,7.658649349999999,7.1845,7.689208000000001,0.1561163154815564,683071820.4253365
default,"ndarray,parallel,serde",ruviz,histogram,histogram,5m,public_api_render,png_bytes,5000000,640,480,100,23458,,88dd6f1a74af9aaccc11779d73399b58293f641714c0d89731e364217cbff3b0,5,20,123.31424154999999,121.2490835,131.09196425,119.126625,131.581333,4.35094709992906,41237425.105980285
default,"ndarray,parallel,serde",ruviz,histogram,histogram,5m,save_only,png_bytes,5000000,640,480,100,23458,skia,88dd6f1a74af9aaccc11779d73399b58293f641714c0d89731e364217cbff3b0,5,20,7.3364396,7.3435205,7.49523365,7.169333,7.598625,0.10673425158746774,680872341.8148012
default,"ndarray,parallel,serde",ruviz,histogram,histogram,5m,public_api_save,png_bytes,5000000,640,480,100,23458,skia,88dd6f1a74af9aaccc11779d73399b58293f641714c0d89731e364217cbff3b0,5,20,127.52591664999997,129.51208300000002,132.2686122,119.897709,132.746542,4.3664790135655105,38606436.43574167
default,"ndarray,parallel,serde",ruviz,heatmap,heatmap,512x512,render_only,png_bytes,262144,640,640,100,531549,,d6e83388d86d7ccf73c04735510f2453502c221c0a33edab5818c4f79f4e3ec7,5,20,6.446404149999999,6.4417295,6.608526750000001,6.34875,6.6145830000000005,0.07899620951284551,40694661.27070378
default,"ndarray,parallel,serde",ruviz,heatmap,heatmap,512x512,public_api_render,png_bytes,262144,640,640,100,531549,,d6e83388d86d7ccf73c04735510f2453502c221c0a33edab5818c4f79f4e3ec7,5,20,7.2707792,7.157584,7.477841650000001,7.111875,9.272708,0.47463315848487264,36624648.764164
default,"ndarray,parallel,serde",ruviz,heatmap,heatmap,512x512,save_only,png_bytes,262144,640,640,100,531549,skia,d6e83388d86d7ccf73c04735510f2453502c221c0a33edab5818c4f79f4e3ec7,5,20,6.3635293,6.360979,6.422741650000001,6.295208,6.458208,0.03917571720782375,41211266.37896462
default,"ndarray,parallel,serde",ruviz,heatmap,heatmap,512x512,public_api_save,png_bytes,262144,640,640,100,531549,skia,d6e83388d86d7ccf73c04735510f2453502c221c0a33edab5818c4f79f4e3ec7,5,20,7.690468699999999,7.749895499999999,7.91982115,7.2255,7.9251249999999995,0.19525339418388168,33825488.35658494
default,"ndarray,parallel,serde",ruviz,heatmap,heatmap,1024x1024,render_only,png_bytes,1048576,640,640,100,717492,,b300137331a87f639a564df0c3cbf9cd7231cbd67ead169ae49a9fa3994887c5,5,20,14.70222085,14.917208,15.300369050000002,13.9705,16.247083,0.6104146889164582,70293046.79535204
default,"ndarray,parallel,serde",ruviz,heatmap,heatmap,1024x1024,public_api_render,png_bytes,1048576,640,640,100,717492,,b300137331a87f639a564df0c3cbf9cd7231cbd67ead169ae49a9fa3994887c5,5,20,17.643139700000003,17.375417,18.218645200000005,17.03125,23.695,1.4475256135686057,60348249.48373902
default,"ndarray,parallel,serde",ruviz,heatmap,heatmap,1024x1024,save_only,png_bytes,1048576,640,640,100,717492,skia,b300137331a87f639a564df0c3cbf9cd7231cbd67ead169ae49a9fa3994887c5,5,20,13.692535450000003,13.704271,13.784631599999999,13.553083,13.969209,0.09358149396591217,76514540.61292279
default,"ndarray,parallel,serde",ruviz,heatmap,heatmap,1024x1024,public_api_save,png_bytes,1048576,640,640,100,717492,skia,b300137331a87f639a564df0c3cbf9cd7231cbd67ead169ae49a9fa3994887c5,5,20,17.127206450000003,17.104521,17.301934000000003,16.90075,17.396459,0.130594458202513,61304025.99406321
default,"ndarray,parallel,serde",ruviz,heatmap,heatmap,2048x2048,render_only,png_bytes,4194304,640,640,100,851187,,2c5b8bacf8c3f6c2ef6b288cab14a31d5528affcea5b33b4e0c6de0cded48a17,5,20,39.161435499999996,39.06175,40.432702750000004,38.431833,41.033459,0.7025925830339104,107376244.02388524
default,"ndarray,parallel,serde",ruviz,heatmap,heatmap,2048x2048,public_api_render,png_bytes,4194304,640,640,100,851187,,2c5b8bacf8c3f6c2ef6b288cab14a31d5528affcea5b33b4e0c6de0cded48a17,5,20,51.883887599999994,51.397375,54.64724615,50.889375,55.237750000000005,1.2705968528602032,81605412.72779009
default,"ndarray,parallel,serde",ruviz,heatmap,heatmap,2048x2048,save_only,png_bytes,4194304,640,640,100,851187,skia,2c5b8bacf8c3f6c2ef6b288cab14a31d5528affcea5b33b4e0c6de0cded48a17,5,20,39.101041550000005,38.835958500000004,39.63863930000001,38.425292,43.919459,1.1633444283227241,108000527.39782384
default,"ndarray,parallel,serde",ruviz,heatmap,heatmap,2048x2048,public_api_save,png_bytes,4194304,640,640,100,851187,skia,2c5b8bacf8c3f6c2ef6b288cab14a31d5528affcea5b33b4e0c6de0cded48a17,5,20,51.51849585,51.3169795,51.8670649,50.967791999999996,56.097375,1.096416475588123,81733259.45655082
parallel_only,"parallel,serde",ruviz,line,line,100k,render_only,png_bytes,100000,640,480,100,38707,,b011dead6d088b24bf6de0b18338f6f1c160e63fa55daae5584ab9176cf930e9,5,20,11.042654200000001,11.076104,11.199916649999999,10.883709,11.252958,0.12160408113416336,9028445.381155683
parallel_only,"parallel,serde",ruviz,line,line,100k,public_api_render,png_bytes,100000,640,480,100,38707,,b011dead6d088b24bf6de0b18338f6f1c160e63fa55daae5584ab9176cf930e9,5,20,11.505258450000003,11.425562500000002,11.973445850000001,11.253167,11.996167,0.21194367770694358,8752304.317621123
parallel_only,"parallel,serde",ruviz,line,line,100k,save_only,png_bytes,100000,640,480,100,38707,skia,b011dead6d088b24bf6de0b18338f6f1c160e63fa55daae5584ab9176cf930e9,5,20,11.2289062,11.2064165,11.633158950000002,10.911000000000001,11.660708000000001,0.245313308714344,8923459.162882265
parallel_only,"parallel,serde",ruviz,line,line,100k,public_api_save,png_bytes,100000,640,480,100,38707,skia,b011dead6d088b24bf6de0b18338f6f1c160e63fa55daae5584ab9176cf930e9,5,20,11.74979785,11.4588955,12.639656250000002,11.339749999999999,12.956125,0.501396212556946,8726844.572411016
parallel_only,"parallel,serde",ruviz,line,line,500k,render_only,png_bytes,500000,640,480,100,23434,,bb2c854f3c82323e5fdb91fa340248e3f1cff60601ae3783f961a40ada3de5e0,5,20,25.22209145,24.911729,26.190133,24.659125,26.713583,0.6395449755234679,20070867.02010928
parallel_only,"parallel,serde",ruviz,line,line,500k,public_api_render,png_bytes,500000,640,480,100,23434,,bb2c854f3c82323e5fdb91fa340248e3f1cff60601ae3783f961a40ada3de5e0,5,20,27.8888728,27.9445835,28.276008299999997,26.863334,28.337916,0.396075951354575,17892555.09927353
parallel_only,"parallel,serde",ruviz,line,line,500k,save_only,png_bytes,500000,640,480,100,23434,skia,bb2c854f3c82323e5fdb91fa340248e3f1cff60601ae3783f961a40ada3de5e0,5,20,25.234383100000002,24.939812500000002,26.269756549999997,24.625833,26.558833,0.591729232478833,20048266.200878613
parallel_only,"parallel,serde",ruviz,line,line,500k,public_api_save,png_bytes,500000,640,480,100,23434,skia,bb2c854f3c82323e5fdb91fa340248e3f1cff60601ae3783f961a40ada3de5e0,5,20,27.82723125,27.95275,28.34254615,26.85125,28.347375,0.4963505737781326,17887327.72267487
parallel_only,"parallel,serde",ruviz,line,line,1m,render_only,png_bytes,1000000,640,480,100,25404,,a99f5c6c0498478ac2e21ec841c22c98fa67971d4e5be8cb3469ac9e62356b73,5,20,35.15641869999999,35.549167,35.861632699999994,33.666209,35.944125,0.7870503282415732,28130054.35542273
parallel_only,"parallel,serde",ruviz,line,line,1m,public_api_render,png_bytes,1000000,640,480,100,25404,,a99f5c6c0498478ac2e21ec841c22c98fa67971d4e5be8cb3469ac9e62356b73,5,20,38.470296000000005,38.0584375,40.364929149999995,37.38375,40.601083,0.9199236388993327,26275382.429980215
parallel_only,"parallel,serde",ruviz,line,line,1m,save_only,png_bytes,1000000,640,480,100,25404,skia,a99f5c6c0498478ac2e21ec841c22c98fa67971d4e5be8cb3469ac9e62356b73,5,20,36.01915210000001,35.689271,39.43303335,33.581834,42.791917,2.110885087244083,28019625.28178287
parallel_only,"parallel,serde",ruviz,line,line,1m,public_api_save,png_bytes,1000000,640,480,100,25404,skia,a99f5c6c0498478ac2e21ec841c22c98fa67971d4e5be8cb3469ac9e62356b73,5,20,38.94892069999999,39.119729,40.0829705,37.586957999999996,40.175833000000004,0.8790026605114581,25562549.27021606
parallel_only,"parallel,serde",ruviz,scatter,scatter,100k,render_only,png_bytes,100000,640,480,100,106974,,a46d0038919ead765fe86c88bfecc07db54acdbe2c751326d1c3a64350d257d8,5,20,12.1392397,12.0300215,12.77478575,11.972625,12.819792,0.2584834747657144,8312537.097294465
parallel_only,"parallel,serde",ruviz,scatter,scatter,100k,public_api_render,png_bytes,100000,640,480,100,106974,,a46d0038919ead765fe86c88bfecc07db54acdbe2c751326d1c3a64350d257d8,5,20,12.701724899999999,12.675208,12.858187800000001,12.619416,12.948833,0.08393495768805005,7889416.883730823
parallel_only,"parallel,serde",ruviz,scatter,scatter,100k,save_only,png_bytes,100000,640,480,100,106974,skia,a46d0038919ead765fe86c88bfecc07db54acdbe2c751326d1c3a64350d257d8,5,20,12.045612549999998,12.011812,12.170835750000002,11.962542,12.316542,0.08573186016416474,8325138.621883193
parallel_only,"parallel,serde",ruviz,scatter,scatter,100k,public_api_save,png_bytes,100000,640,480,100,106974,skia,a46d0038919ead765fe86c88bfecc07db54acdbe2c751326d1c3a64350d257d8,5,20,12.5028375,12.466792,12.72749585,12.336042,12.736917,0.12611850555664741,8021309.732287184
parallel_only,"parallel,serde",ruviz,scatter,scatter,250k,render_only,png_bytes,250000,640,480,100,125256,,13bf7083712ae181cae3443a816b8c78bba1e470f1d55bb8c09f5c089cecaa12,5,20,27.616466750000008,27.704791500000002,28.3392399,27.137292,28.364375,0.3595731781027808,9023709.851777805
parallel_only,"parallel,serde",ruviz,scatter,scatter,250k,public_api_render,png_bytes,250000,640,480,100,125256,,13bf7083712ae181cae3443a816b8c78bba1e470f1d55bb8c09f5c089cecaa12,5,20,28.523695649999997,28.4498745,29.50542435,27.962,29.526958,0.4298796289774827,8787384.984773835
parallel_only,"parallel,serde",ruviz,scatter,scatter,250k,save_only,png_bytes,250000,640,480,100,125256,skia,13bf7083712ae181cae3443a816b8c78bba1e470f1d55bb8c09f5c089cecaa12,5,20,27.910837550000004,27.707667,29.03265,27.129917,30.078125,0.6738846592230415,9022773.371716933
parallel_only,"parallel,serde",ruviz,scatter,scatter,250k,public_api_save,png_bytes,250000,640,480,100,125256,skia,13bf7083712ae181cae3443a816b8c78bba1e470f1d55bb8c09f5c089cecaa12,5,20,28.544143799999993,28.426958,29.763537200000002,28.044334,30.254292,0.5880319440406013,8794468.968505178
parallel_only,"parallel,serde",ruviz,scatter,scatter,500k,render_only,png_bytes,500000,640,480,100,131090,,6151ba3542b2b645cbbb4be0fbf8bb868a18da7e9e93fcfc0dfdffe3b5bf0048,5,20,55.17440615,55.398771,55.71642145,54.177417,55.910458000000006,0.5341820257021879,9025470.980213622
parallel_only,"parallel,serde",ruviz,scatter,scatter,500k,public_api_render,png_bytes,500000,640,480,100,131090,,6151ba3542b2b645cbbb4be0fbf8bb868a18da7e9e93fcfc0dfdffe3b5bf0048,5,20,56.811591699999994,56.4107915,58.10259375,56.003334,58.261125,0.7950374665421085,8863552.286799593
parallel_only,"parallel,serde",ruviz,scatter,scatter,500k,save_only,png_bytes,500000,640,480,100,131090,skia,6151ba3542b2b645cbbb4be0fbf8bb868a18da7e9e93fcfc0dfdffe3b5bf0048,5,20,55.3462812,55.384187499999996,55.834885099999994,54.346582999999995,56.223,0.4281332623853171,9027847.524169242
parallel_only,"parallel,serde",ruviz,scatter,scatter,500k,public_api_save,png_bytes,500000,640,480,100,131090,skia,6151ba3542b2b645cbbb4be0fbf8bb868a18da7e9e93fcfc0dfdffe3b5bf0048,5,20,57.059585549999994,56.70625,58.21503815,55.934999999999995,59.439667,0.9770296892655113,8817370.219332084
parallel_only,"parallel,serde",ruviz,histogram,histogram,100k,render_only,png_bytes,100000,640,480,100,22387,,52c1b6c47f7aa39ea17de6f03853499569caeef82ed7d0d2527b9636d212c24a,5,20,3.0608063,3.0507915,3.1191232500000003,3.029084,3.146792,0.03223550649941281,32778378.98787905
parallel_only,"parallel,serde",ruviz,histogram,histogram,100k,public_api_render,png_bytes,100000,640,480,100,22387,,52c1b6c47f7aa39ea17de6f03853499569caeef82ed7d0d2527b9636d212c24a,5,20,4.6542978,4.636457999999999,4.7507035,4.594,4.810791,0.05253176333129063,21568188.474909082
parallel_only,"parallel,serde",ruviz,histogram,histogram,100k,save_only,png_bytes,100000,640,480,100,22387,skia,52c1b6c47f7aa39ea17de6f03853499569caeef82ed7d0d2527b9636d212c24a,5,20,3.0854334,3.0778125000000003,3.15565,3.052917,3.1632499999999997,0.030057961223013928,32490608.183571935
parallel_only,"parallel,serde",ruviz,histogram,histogram,100k,public_api_save,png_bytes,100000,640,480,100,22387,skia,52c1b6c47f7aa39ea17de6f03853499569caeef82ed7d0d2527b9636d212c24a,5,20,4.61685625,4.6122915,4.659962500000001,4.572375,4.671125,0.026817833310327808,21681196.862774175
parallel_only,"parallel,serde",ruviz,histogram,histogram,1m,render_only,png_bytes,1000000,640,480,100,23392,,4411c1d13a7c32a0e886b128951e4891611f7298039147b3e7a42b6368c63ad1,5,20,3.962183499999999,3.9488540000000008,4.0603417,3.897459,4.280583999999999,0.08570936841964655,253238028.0456051
parallel_only,"parallel,serde",ruviz,histogram,histogram,1m,public_api_render,png_bytes,1000000,640,480,100,23392,,4411c1d13a7c32a0e886b128951e4891611f7298039147b3e7a42b6368c63ad1,5,20,21.336697750000003,21.306832999999997,21.528566350000002,21.09025,22.034125000000003,0.20402530410063238,46933300.69278715
parallel_only,"parallel,serde",ruviz,histogram,histogram,1m,save_only,png_bytes,1000000,640,480,100,23392,skia,4411c1d13a7c32a0e886b128951e4891611f7298039147b3e7a42b6368c63ad1,5,20,4.089539599999999,4.058958499999999,4.39966605,3.91825,4.411542,0.15215210292107464,246368618.9449831
parallel_only,"parallel,serde",ruviz,histogram,histogram,1m,public_api_save,png_bytes,1000000,640,480,100,23392,skia,4411c1d13a7c32a0e886b128951e4891611f7298039147b3e7a42b6368c63ad1,5,20,21.2525146,21.2376875,21.69381635,21.005834,21.890625,0.21629412344071983,47086105.77305085
parallel_only,"parallel,serde",ruviz,histogram,histogram,5m,render_only,png_bytes,5000000,640,480,100,23458,,88dd6f1a74af9aaccc11779d73399b58293f641714c0d89731e364217cbff3b0,5,20,7.329118949999997,7.222583500000001,7.603967000000001,7.127709,8.467042,0.2949179858098776,692273062.679026
parallel_only,"parallel,serde",ruviz,histogram,histogram,5m,public_api_render,png_bytes,5000000,640,480,100,23458,,88dd6f1a74af9aaccc11779d73399b58293f641714c0d89731e364217cbff3b0,5,20,123.90604169999999,122.339687,130.95377324999998,119.51599999999999,131.962792,3.8378677653041477,40869811.93600732
parallel_only,"parallel,serde",ruviz,histogram,histogram,5m,save_only,png_bytes,5000000,640,480,100,23458,skia,88dd6f1a74af9aaccc11779d73399b58293f641714c0d89731e364217cbff3b0,5,20,7.32480835,7.2795000000000005,7.62771665,7.17575,7.676958,0.13546964033600215,686860361.28855
parallel_only,"parallel,serde",ruviz,histogram,histogram,5m,public_api_save,png_bytes,5000000,640,480,100,23458,skia,88dd6f1a74af9aaccc11779d73399b58293f641714c0d89731e364217cbff3b0,5,20,127.460498,127.250229,137.87401665,119.2185,142.975833,6.207491758181278,39292660.13344464
parallel_only,"parallel,serde",ruviz,heatmap,heatmap,512x512,render_only,png_bytes,262144,640,640,100,531549,,d6e83388d86d7ccf73c04735510f2453502c221c0a33edab5818c4f79f4e3ec7,5,20,6.6624938,6.436792,7.5155062500000005,6.366707999999999,7.518000000000001,0.3975341360731574,40725877.11394124
parallel_only,"parallel,serde",ruviz,heatmap,heatmap,512x512,public_api_render,png_bytes,262144,640,640,100,531549,,d6e83388d86d7ccf73c04735510f2453502c221c0a33edab5818c4f79f4e3ec7,5,20,7.225216649999998,7.2272085,7.26921845,7.167458,7.276542,0.031826570842739196,36271819.19547499
parallel_only,"parallel,serde",ruviz,heatmap,heatmap,512x512,save_only,png_bytes,262144,640,640,100,531549,skia,d6e83388d86d7ccf73c04735510f2453502c221c0a33edab5818c4f79f4e3ec7,5,20,6.447268799999999,6.3766455,6.655429449999999,6.309375,7.128291,0.1844418992145022,41110016.23032047
parallel_only,"parallel,serde",ruviz,heatmap,heatmap,512x512,public_api_save,png_bytes,262144,640,640,100,531549,skia,d6e83388d86d7ccf73c04735510f2453502c221c0a33edab5818c4f79f4e3ec7,5,20,7.53300845,7.549854,7.856162499999999,7.127375,7.86875,0.21083538852645822,34721731.04274599
parallel_only,"parallel,serde",ruviz,heatmap,heatmap,1024x1024,render_only,png_bytes,1048576,640,640,100,717492,,b300137331a87f639a564df0c3cbf9cd7231cbd67ead169ae49a9fa3994887c5,5,20,13.73328745,13.697624999999999,13.940042299999998,13.535375,13.989125,0.11530636592937717,76551664.9784178
parallel_only,"parallel,serde",ruviz,heatmap,heatmap,1024x1024,public_api_render,png_bytes,1048576,640,640,100,717492,,b300137331a87f639a564df0c3cbf9cd7231cbd67ead169ae49a9fa3994887c5,5,20,17.260097900000005,17.221083,17.603723550000005,17.102834,17.613500000000002,0.13997430177071835,60889085.77933222
parallel_only,"parallel,serde",ruviz,heatmap,heatmap,1024x1024,save_only,png_bytes,1048576,640,640,100,717492,skia,b300137331a87f639a564df0c3cbf9cd7231cbd67ead169ae49a9fa3994887c5,5,20,13.701947850000002,13.665792,13.9438226,13.501875,14.029125,0.1549572214900737,76729983.88970065
parallel_only,"parallel,serde",ruviz,heatmap,heatmap,1024x1024,public_api_save,png_bytes,1048576,640,640,100,717492,skia,b300137331a87f639a564df0c3cbf9cd7231cbd67ead169ae49a9fa3994887c5,5,20,17.4344374,17.38375,17.83380595,17.186041,17.997167,0.23619960337379287,60319321.20514849
parallel_only,"parallel,serde",ruviz,heatmap,heatmap,2048x2048,render_only,png_bytes,4194304,640,640,100,851187,,2c5b8bacf8c3f6c2ef6b288cab14a31d5528affcea5b33b4e0c6de0cded48a17,5,20,39.14093974999999,38.8873335,40.2190774,38.487042,43.043625,0.9933808760088404,107857845.28013474
parallel_only,"parallel,serde",ruviz,heatmap,heatmap,2048x2048,public_api_render,png_bytes,4194304,640,640,100,851187,,2c5b8bacf8c3f6c2ef6b288cab14a31d5528affcea5b33b4e0c6de0cded48a17,5,20,52.05184380000001,51.9195835,53.21614645000001,51.021416,54.818082999999994,0.8789685139343488,80784623.39745079
parallel_only,"parallel,serde",ruviz,heatmap,heatmap,2048x2048,save_only,png_bytes,4194304,640,640,100,851187,skia,2c5b8bacf8c3f6c2ef6b288cab14a31d5528affcea5b33b4e0c6de0cded48a17,5,20,39.471283299999996,39.103207999999995,41.12815595,38.50775,42.737417,1.0406794872546192,107262401.59119427
parallel_only,"parallel,serde",ruviz,heatmap,heatmap,2048x2048,public_api_save,png_bytes,4194304,640,640,100,851187,skia,2c5b8bacf8c3f6c2ef6b288cab14a31d5528affcea5b33b4e0c6de0cded48a17,5,20,51.72044564999999,51.361562500000005,53.476643100000004,50.948458,54.378707999999996,0.8969169793503018,81662313.13543078
parallel_simd,"parallel,simd,serde",ruviz,line,line,100k,render_only,png_bytes,100000,640,480,100,38707,,b011dead6d088b24bf6de0b18338f6f1c160e63fa55daae5584ab9176cf930e9,5,20,11.066421000000002,11.056791999999998,11.1633702,11.004208,11.2195,0.05417801860242023,9044214.632960448
parallel_simd,"parallel,simd,serde",ruviz,line,line,100k,public_api_render,png_bytes,100000,640,480,100,38707,,b011dead6d088b24bf6de0b18338f6f1c160e63fa55daae5584ab9176cf930e9,5,20,11.476322999999997,11.416604,11.731181249999999,11.322708,12.276125,0.20228840725219924,8759172.167134816
parallel_simd,"parallel,simd,serde",ruviz,line,line,100k,save_only,png_bytes,100000,640,480,100,38707,skia,b011dead6d088b24bf6de0b18338f6f1c160e63fa55daae5584ab9176cf930e9,5,20,11.020974899999999,10.9987085,11.12659795,10.944374999999999,11.130833999999998,0.06122795779010891,9091976.571612932
parallel_simd,"parallel,simd,serde",ruviz,line,line,100k,public_api_save,png_bytes,100000,640,480,100,38707,skia,b011dead6d088b24bf6de0b18338f6f1c160e63fa55daae5584ab9176cf930e9,5,20,11.46238975,11.4711255,11.51223095,11.39075,11.517417,0.038543037993603,8717540.4017679
parallel_simd,"parallel,simd,serde",ruviz,line,line,500k,render_only,png_bytes,500000,640,480,100,23434,,bb2c854f3c82323e5fdb91fa340248e3f1cff60601ae3783f961a40ada3de5e0,5,20,25.80784375,25.95775,26.2649402,24.862,26.300207999999998,0.5018295416553186,19262070.094673075
parallel_simd,"parallel,simd,serde",ruviz,line,line,500k,public_api_render,png_bytes,500000,640,480,100,23434,,bb2c854f3c82323e5fdb91fa340248e3f1cff60601ae3783f961a40ada3de5e0,5,20,27.317420950000002,26.9473545,28.853621500000003,26.621583,29.839959,0.8818847334474212,18554697.085385505
parallel_simd,"parallel,simd,serde",ruviz,line,line,500k,save_only,png_bytes,500000,640,480,100,23434,skia,bb2c854f3c82323e5fdb91fa340248e3f1cff60601ae3783f961a40ada3de5e0,5,20,25.601122799999995,25.965645499999997,26.341136900000002,24.656541,26.397584000000002,0.6738282289655132,19256212.98342073
parallel_simd,"parallel,simd,serde",ruviz,line,line,500k,public_api_save,png_bytes,500000,640,480,100,23434,skia,bb2c854f3c82323e5fdb91fa340248e3f1cff60601ae3783f961a40ada3de5e0,5,20,28.153141499999997,28.055541499999997,28.68124135,27.841082999999998,29.32075,0.3459631554705003,17821791.106758714
parallel_simd,"parallel,simd,serde",ruviz,line,line,1m,render_only,png_bytes,1000000,640,480,100,25404,,a99f5c6c0498478ac2e21ec841c22c98fa67971d4e5be8cb3469ac9e62356b73,5,20,34.03236875,33.961583,34.31173365000001,33.822917000000004,34.856875,0.23059355491104583,29445034.997338023
parallel_simd,"parallel,simd,serde",ruviz,line,line,1m,public_api_render,png_bytes,1000000,640,480,100,25404,,a99f5c6c0498478ac2e21ec841c22c98fa67971d4e5be8cb3469ac9e62356b73,5,20,39.340964650000004,39.5894585,40.0022795,37.586915999999995,40.196792,0.714185871113639,25259249.251918916
parallel_simd,"parallel,simd,serde",ruviz,line,line,1m,save_only,png_bytes,1000000,640,480,100,25404,skia,a99f5c6c0498478ac2e21ec841c22c98fa67971d4e5be8cb3469ac9e62356b73,5,20,34.637987550000005,34.1109585,35.947997900000004,33.812333,36.007333,0.8654287197012429,29316092.070529178
parallel_simd,"parallel,simd,serde",ruviz,line,line,1m,public_api_save,png_bytes,1000000,640,480,100,25404,skia,a99f5c6c0498478ac2e21ec841c22c98fa67971d4e5be8cb3469ac9e62356b73,5,20,39.39079795,39.6237085,41.575487200000005,37.573334,41.896667,1.2851451842995671,25237415.62453701
parallel_simd,"parallel,simd,serde",ruviz,scatter,scatter,100k,render_only,png_bytes,100000,640,480,100,106974,,a46d0038919ead765fe86c88bfecc07db54acdbe2c751326d1c3a64350d257d8,5,20,12.163666550000002,12.140082999999999,12.2499875,12.103041,12.28775,0.05375209097081004,8237175.973179096
parallel_simd,"parallel,simd,serde",ruviz,scatter,scatter,100k,public_api_render,png_bytes,100000,640,480,100,106974,,a46d0038919ead765fe86c88bfecc07db54acdbe2c751326d1c3a64350d257d8,5,20,12.4288709,12.408396,12.540090249999999,12.309834,12.680334,0.0878573304552689,8059059.36593255
parallel_simd,"parallel,simd,serde",ruviz,scatter,scatter,100k,save_only,png_bytes,100000,640,480,100,106974,skia,a46d0038919ead765fe86c88bfecc07db54acdbe2c751326d1c3a64350d257d8,5,20,12.534941600000002,12.539103999999998,12.8384896,11.944625,12.900042000000001,0.22946499130515252,7975051.486932401
parallel_simd,"parallel,simd,serde",ruviz,scatter,scatter,100k,public_api_save,png_bytes,100000,640,480,100,106974,skia,a46d0038919ead765fe86c88bfecc07db54acdbe2c751326d1c3a64350d257d8,5,20,12.3694854,12.354,12.520451750000001,12.259667,12.553583,0.06826018248807472,8094544.277157197
parallel_simd,"parallel,simd,serde",ruviz,scatter,scatter,250k,render_only,png_bytes,250000,640,480,100,125256,,13bf7083712ae181cae3443a816b8c78bba1e470f1d55bb8c09f5c089cecaa12,5,20,27.6568375,27.618458500000003,28.412107999999996,27.03125,28.581208,0.4007020166386277,9051917.216885945
parallel_simd,"parallel,simd,serde",ruviz,scatter,scatter,250k,public_api_render,png_bytes,250000,640,480,100,125256,,13bf7083712ae181cae3443a816b8c78bba1e470f1d55bb8c09f5c089cecaa12,5,20,28.376475,28.3778955,28.91479195,27.925874999999998,28.924291,0.33436698026915845,8809673.71241465
parallel_simd,"parallel,simd,serde",ruviz,scatter,scatter,250k,save_only,png_bytes,250000,640,480,100,125256,skia,13bf7083712ae181cae3443a816b8c78bba1e470f1d55bb8c09f5c089cecaa12,5,20,27.116981199999998,27.056103999999998,27.60898335,26.93025,27.660917,0.18794444380289332,9240059.10089642
parallel_simd,"parallel,simd,serde",ruviz,scatter,scatter,250k,public_api_save,png_bytes,250000,640,480,100,125256,skia,13bf7083712ae181cae3443a816b8c78bba1e470f1d55bb8c09f5c089cecaa12,5,20,28.340075050000003,28.3695,28.7405125,27.92925,28.743125000000003,0.31610011759658757,8812280.794515237
parallel_simd,"parallel,simd,serde",ruviz,scatter,scatter,500k,render_only,png_bytes,500000,640,480,100,131090,,6151ba3542b2b645cbbb4be0fbf8bb868a18da7e9e93fcfc0dfdffe3b5bf0048,5,20,55.153904200000014,54.946125,58.80464795,53.641124999999995,61.702583999999995,1.9416210032358225,9099822.78095134
parallel_simd,"parallel,simd,serde",ruviz,scatter,scatter,500k,public_api_render,png_bytes,500000,640,480,100,131090,,6151ba3542b2b645cbbb4be0fbf8bb868a18da7e9e93fcfc0dfdffe3b5bf0048,5,20,56.68977709999999,56.51475,58.2985604,55.630582999999994,58.568083,0.8985844775645105,8847247.842377432
parallel_simd,"parallel,simd,serde",ruviz,scatter,scatter,500k,save_only,png_bytes,500000,640,480,100,131090,skia,6151ba3542b2b645cbbb4be0fbf8bb868a18da7e9e93fcfc0dfdffe3b5bf0048,5,20,54.19297290000001,53.8785,55.27184165,53.5195,55.292583,0.6554784542615779,9280139.573299183
parallel_simd,"parallel,simd,serde",ruviz,scatter,scatter,500k,public_api_save,png_bytes,500000,640,480,100,131090,skia,6151ba3542b2b645cbbb4be0fbf8bb868a18da7e9e93fcfc0dfdffe3b5bf0048,5,20,57.18627705,56.8913335,60.106619050000006,55.545875,61.725457999999996,1.5936845278324607,8788684.835450375
parallel_simd,"parallel,simd,serde",ruviz,histogram,histogram,100k,render_only,png_bytes,100000,640,480,100,22387,,52c1b6c47f7aa39ea17de6f03853499569caeef82ed7d0d2527b9636d212c24a,5,20,3.09669785,3.0873125000000003,3.1392645500000005,3.073375,3.1727909999999997,0.024455809546102995,32390631.009980362
parallel_simd,"parallel,simd,serde",ruviz,histogram,histogram,100k,public_api_render,png_bytes,100000,640,480,100,22387,,52c1b6c47f7aa39ea17de6f03853499569caeef82ed7d0d2527b9636d212c24a,5,20,4.65768545,4.6420205,4.7614066,4.60025,4.834834,0.06166372289789959,21542343.46875461
parallel_simd,"parallel,simd,serde",ruviz,histogram,histogram,100k,save_only,png_bytes,100000,640,480,100,22387,skia,52c1b6c47f7aa39ea17de6f03853499569caeef82ed7d0d2527b9636d212c24a,5,20,3.0768811499999997,3.0722709999999998,3.1160794999999997,3.051833,3.123917,0.020984813268735154,32549211.967303667
parallel_simd,"parallel,simd,serde",ruviz,histogram,histogram,100k,public_api_save,png_bytes,100000,640,480,100,22387,skia,52c1b6c47f7aa39ea17de6f03853499569caeef82ed7d0d2527b9636d212c24a,5,20,4.614637499999999,4.609458500000001,4.650462500000001,4.573792,4.661625,0.02321425027978785,21694522.252451126
parallel_simd,"parallel,simd,serde",ruviz,histogram,histogram,1m,render_only,png_bytes,1000000,640,480,100,23392,,4411c1d13a7c32a0e886b128951e4891611f7298039147b3e7a42b6368c63ad1,5,20,3.9830334499999998,3.9801874999999995,4.04339855,3.9270829999999997,4.18475,0.054654276161951384,251244445.14234573
parallel_simd,"parallel,simd,serde",ruviz,histogram,histogram,1m,public_api_render,png_bytes,1000000,640,480,100,23392,,4411c1d13a7c32a0e886b128951e4891611f7298039147b3e7a42b6368c63ad1,5,20,21.3057813,21.2611455,21.69135385,20.99275,22.03375,0.2338312709835879,47034154.392104596
parallel_simd,"parallel,simd,serde",ruviz,histogram,histogram,1m,save_only,png_bytes,1000000,640,480,100,23392,skia,4411c1d13a7c32a0e886b128951e4891611f7298039147b3e7a42b6368c63ad1,5,20,3.979785449999999,3.9358750000000002,4.25101425,3.8510419999999996,4.601208,0.16733683427005444,254073109.53726935
parallel_simd,"parallel,simd,serde",ruviz,histogram,histogram,1m,public_api_save,png_bytes,1000000,640,480,100,23392,skia,4411c1d13a7c32a0e886b128951e4891611f7298039147b3e7a42b6368c63ad1,5,20,21.634843749999998,21.4786875,22.432650000000002,21.077958000000002,22.637375000000002,0.46791939549353984,46557779.65948804
parallel_simd,"parallel,simd,serde",ruviz,histogram,histogram,5m,render_only,png_bytes,5000000,640,480,100,23458,,88dd6f1a74af9aaccc11779d73399b58293f641714c0d89731e364217cbff3b0,5,20,7.321095850000001,7.238728500000001,7.7837292,7.128583,7.818959,0.22196754032545885,690729041.709466
parallel_simd,"parallel,simd,serde",ruviz,histogram,histogram,5m,public_api_render,png_bytes,5000000,640,480,100,23458,,88dd6f1a74af9aaccc11779d73399b58293f641714c0d89731e364217cbff3b0,5,20,128.59756469999996,128.25062499999999,140.44214824999997,119.585083,140.893042,5.562235232016004,38986164.78477201
parallel_simd,"parallel,simd,serde",ruviz,histogram,histogram,5m,save_only,png_bytes,5000000,640,480,100,23458,skia,88dd6f1a74af9aaccc11779d73399b58293f641714c0d89731e364217cbff3b0,5,20,7.302202150000001,7.2644795,7.55516875,7.159791,7.629625,0.1325149000068234,688280557.4714609
parallel_simd,"parallel,simd,serde",ruviz,histogram,histogram,5m,public_api_save,png_bytes,5000000,640,480,100,23458,skia,88dd6f1a74af9aaccc11779d73399b58293f641714c0d89731e364217cbff3b0,5,20,130.60397900000004,129.593166,137.4455625,126.457333,138.87887500000002,3.756326593580842,38582281.414438166
parallel_simd,"parallel,simd,serde",ruviz,heatmap,heatmap,512x512,render_only,png_bytes,262144,640,640,100,531549,,d6e83388d86d7ccf73c04735510f2453502c221c0a33edab5818c4f79f4e3ec7,5,20,6.40418345,6.3943335,6.48961525,6.3315410000000005,6.4973339999999995,0.04508625836569734,40996297.73767665
parallel_simd,"parallel,simd,serde",ruviz,heatmap,heatmap,512x512,public_api_render,png_bytes,262144,640,640,100,531549,,d6e83388d86d7ccf73c04735510f2453502c221c0a33edab5818c4f79f4e3ec7,5,20,7.2390957500000015,7.191749999999999,7.3702899,7.157625,7.9544999999999995,0.17254142889260707,36450655.26471304
parallel_simd,"parallel,simd,serde",ruviz,heatmap,heatmap,512x512,save_only,png_bytes,262144,640,640,100,531549,skia,d6e83388d86d7ccf73c04735510f2453502c221c0a33edab5818c4f79f4e3ec7,5,20,6.31785015,6.305813000000001,6.34122915,6.276708,6.571208,0.06121318706934687,41571800.49582821
parallel_simd,"parallel,simd,serde",ruviz,heatmap,heatmap,512x512,public_api_save,png_bytes,262144,640,640,100,531549,skia,d6e83388d86d7ccf73c04735510f2453502c221c0a33edab5818c4f79f4e3ec7,5,20,7.236233399999999,7.208709000000001,7.337529500000001,7.163958,7.444167,0.07306981623683083,36364902.50889584
parallel_simd,"parallel,simd,serde",ruviz,heatmap,heatmap,1024x1024,render_only,png_bytes,1048576,640,640,100,717492,,b300137331a87f639a564df0c3cbf9cd7231cbd67ead169ae49a9fa3994887c5,5,20,14.437145649999996,14.562749499999999,14.862227049999998,13.513041999999999,14.985291,0.43346688962113195,72003985.23644179
parallel_simd,"parallel,simd,serde",ruviz,heatmap,heatmap,1024x1024,public_api_render,png_bytes,1048576,640,640,100,717492,,b300137331a87f639a564df0c3cbf9cd7231cbd67ead169ae49a9fa3994887c5,5,20,17.1800563,17.165374999999997,17.3109631,17.046209,17.536666,0.10934948438840748,61086693.4162522
parallel_simd,"parallel,simd,serde",ruviz,heatmap,heatmap,1024x1024,save_only,png_bytes,1048576,640,640,100,717492,skia,b300137331a87f639a564df0c3cbf9cd7231cbd67ead169ae49a9fa3994887c5,5,20,13.801196000000001,13.744646,14.1667673,13.574833,14.46475,0.20982584416505734,76289778.57996489
parallel_simd,"parallel,simd,serde",ruviz,heatmap,heatmap,1024x1024,public_api_save,png_bytes,1048576,640,640,100,717492,skia,b300137331a87f639a564df0c3cbf9cd7231cbd67ead169ae49a9fa3994887c5,5,20,17.323006,17.297229,17.60285175,17.074625,17.850208,0.19782020303215792,60621039.358385086
parallel_simd,"parallel,simd,serde",ruviz,heatmap,heatmap,2048x2048,render_only,png_bytes,4194304,640,640,100,851187,,2c5b8bacf8c3f6c2ef6b288cab14a31d5528affcea5b33b4e0c6de0cded48a17,5,20,39.55772295,39.055042,41.152175,38.538917,41.181625,1.0186893252593314,107394686.709081
parallel_simd,"parallel,simd,serde",ruviz,heatmap,heatmap,2048x2048,public_api_render,png_bytes,4194304,640,640,100,851187,,2c5b8bacf8c3f6c2ef6b288cab14a31d5528affcea5b33b4e0c6de0cded48a17,5,20,51.466354249999995,51.34725,52.273133,50.825708999999996,54.409208,0.7512648255789682,81685075.63696206
parallel_simd,"parallel,simd,serde",ruviz,heatmap,heatmap,2048x2048,save_only,png_bytes,4194304,640,640,100,851187,skia,2c5b8bacf8c3f6c2ef6b288cab14a31d5528affcea5b33b4e0c6de0cded48a17,5,20,39.05041470000001,38.8738125,39.51162295,38.582041999999994,41.532709000000004,0.6221868530321193,107895360.14765725
parallel_simd,"parallel,simd,serde",ruviz,heatmap,heatmap,2048x2048,public_api_save,png_bytes,4194304,640,640,100,851187,skia,2c5b8bacf8c3f6c2ef6b288cab14a31d5528affcea5b33b4e0c6de0cded48a17,5,20,53.11338114999999,52.03741599999999,56.478358,51.098708,56.576208,2.0416724206425862,80601696.28714848
performance_alias,"performance,serde",ruviz,line,line,100k,render_only,png_bytes,100000,640,480,100,38707,,b011dead6d088b24bf6de0b18338f6f1c160e63fa55daae5584ab9176cf930e9,5,20,11.089506300000002,11.0589795,11.21947115,11.00775,11.260875,0.07724638707279473,9042425.659618955
performance_alias,"performance,serde",ruviz,line,line,100k,public_api_render,png_bytes,100000,640,480,100,38707,,b011dead6d088b24bf6de0b18338f6f1c160e63fa55daae5584ab9176cf930e9,5,20,11.498237549999999,11.500979000000001,11.764700000000001,11.299167,11.808875,0.16987106858514933,8694911.972276445
performance_alias,"performance,serde",ruviz,line,line,100k,save_only,png_bytes,100000,640,480,100,38707,skia,b011dead6d088b24bf6de0b18338f6f1c160e63fa55daae5584ab9176cf930e9,5,20,11.206591499999998,11.110937,11.45237885,11.056875000000002,12.030375,0.2215491313348135,9000141.032209976
performance_alias,"performance,serde",ruviz,line,line,100k,public_api_save,png_bytes,100000,640,480,100,38707,skia,b011dead6d088b24bf6de0b18338f6f1c160e63fa55daae5584ab9176cf930e9,5,20,11.5004854,11.496646,11.582133950000001,11.434542,11.632958,0.049584565650804754,8698189.019649731
performance_alias,"performance,serde",ruviz,line,line,500k,render_only,png_bytes,500000,640,480,100,23434,,bb2c854f3c82323e5fdb91fa340248e3f1cff60601ae3783f961a40ada3de5e0,5,20,25.18527295,24.972853999999998,26.12623155,24.689417000000002,26.134583,0.5135158413076896,20021740.406603105
performance_alias,"performance,serde",ruviz,line,line,500k,public_api_render,png_bytes,500000,640,480,100,23434,,bb2c854f3c82323e5fdb91fa340248e3f1cff60601ae3783f961a40ada3de5e0,5,20,27.99732704999999,28.097979,28.4829899,26.882208000000002,29.066249999999997,0.5157724465300838,17794874.14379518
performance_alias,"performance,serde",ruviz,line,line,500k,save_only,png_bytes,500000,640,480,100,23434,skia,bb2c854f3c82323e5fdb91fa340248e3f1cff60601ae3783f961a40ada3de5e0,5,20,26.52172925000001,26.1911045,29.3768351,24.714167,29.46,1.2850892621829357,19090451.110986937
performance_alias,"performance,serde",ruviz,line,line,500k,public_api_save,png_bytes,500000,640,480,100,23434,skia,bb2c854f3c82323e5fdb91fa340248e3f1cff60601ae3783f961a40ada3de5e0,5,20,27.1593126,26.914604,28.8320646,26.623583999999997,29.431791999999998,0.7395494058356995,18577274.999104574
performance_alias,"performance,serde",ruviz,line,line,1m,render_only,png_bytes,1000000,640,480,100,25404,,a99f5c6c0498478ac2e21ec841c22c98fa67971d4e5be8cb3469ac9e62356b73,5,20,35.06724379999999,35.087604,36.182085099999995,33.781709,36.414875,0.9297651548102489,28500093.651307736
performance_alias,"performance,serde",ruviz,line,line,1m,public_api_render,png_bytes,1000000,640,480,100,25404,,a99f5c6c0498478ac2e21ec841c22c98fa67971d4e5be8cb3469ac9e62356b73,5,20,39.046104199999995,38.764312499999996,40.61170205,37.850709,40.784166,0.9072132514160052,25796923.394423675
performance_alias,"performance,serde",ruviz,line,line,1m,save_only,png_bytes,1000000,640,480,100,25404,skia,a99f5c6c0498478ac2e21ec841c22c98fa67971d4e5be8cb3469ac9e62356b73,5,20,35.059199899999996,35.025561999999994,36.043193099999996,33.845417000000005,36.361958,0.8342585335947559,28550576.86155043
performance_alias,"performance,serde",ruviz,line,line,1m,public_api_save,png_bytes,1000000,640,480,100,25404,skia,a99f5c6c0498478ac2e21ec841c22c98fa67971d4e5be8cb3469ac9e62356b73,5,20,39.077076899999994,39.536021000000005,40.02855355,37.869541,40.230667,0.8609452245447516,25293390.045498
performance_alias,"performance,serde",ruviz,scatter,scatter,100k,render_only,png_bytes,100000,640,480,100,106974,,a46d0038919ead765fe86c88bfecc07db54acdbe2c751326d1c3a64350d257d8,5,20,12.0421063,12.0871245,12.1866465,11.818833000000001,12.218708999999999,0.12742278510909183,8273266.317394183
performance_alias,"performance,serde",ruviz,scatter,scatter,100k,public_api_render,png_bytes,100000,640,480,100,106974,,a46d0038919ead765fe86c88bfecc07db54acdbe2c751326d1c3a64350d257d8,5,20,13.684368799999998,13.510687999999998,14.41344615,12.87025,15.42575,0.5335418197557468,7401547.574779317
performance_alias,"performance,serde",ruviz,scatter,scatter,100k,save_only,png_bytes,100000,640,480,100,106974,skia,a46d0038919ead765fe86c88bfecc07db54acdbe2c751326d1c3a64350d257d8,5,20,11.935037549999999,11.924875,12.022525349999999,11.845125,12.050709,0.05091156586978191,8385832.136605206
performance_alias,"performance,serde",ruviz,scatter,scatter,100k,public_api_save,png_bytes,100000,640,480,100,106974,skia,a46d0038919ead765fe86c88bfecc07db54acdbe2c751326d1c3a64350d257d8,5,20,12.432777000000002,12.298896,12.941897599999999,12.22675,13.175875,0.28269841615254554,8130811.090686515
performance_alias,"performance,serde",ruviz,scatter,scatter,250k,render_only,png_bytes,250000,640,480,100,125256,,13bf7083712ae181cae3443a816b8c78bba1e470f1d55bb8c09f5c089cecaa12,5,20,27.757412500000004,27.676271,28.4679649,27.263458,28.570999999999998,0.39133329980647025,9033008.818276133
performance_alias,"performance,serde",ruviz,scatter,scatter,250k,public_api_render,png_bytes,250000,640,480,100,125256,,13bf7083712ae181cae3443a816b8c78bba1e470f1d55bb8c09f5c089cecaa12,5,20,28.174239599999993,28.1435,28.922109799999998,27.704083,29.001792,0.4317037966872038,8883045.818750333
performance_alias,"performance,serde",ruviz,scatter,scatter,250k,save_only,png_bytes,250000,640,480,100,125256,skia,13bf7083712ae181cae3443a816b8c78bba1e470f1d55bb8c09f5c089cecaa12,5,20,27.197091649999997,27.141271000000003,27.61842085,26.828333,27.626417,0.2875183792734451,9211064.581316033
performance_alias,"performance,serde",ruviz,scatter,scatter,250k,public_api_save,png_bytes,250000,640,480,100,125256,skia,13bf7083712ae181cae3443a816b8c78bba1e470f1d55bb8c09f5c089cecaa12,5,20,28.273477000000003,28.2912705,28.650516,27.981208,28.918416,0.23723256469970558,8836648.039542798
performance_alias,"performance,serde",ruviz,scatter,scatter,500k,render_only,png_bytes,500000,640,480,100,131090,,6151ba3542b2b645cbbb4be0fbf8bb868a18da7e9e93fcfc0dfdffe3b5bf0048,5,20,54.51511249999999,54.192729,56.66637115,53.308542,59.610499999999995,1.5006981043579077,9226329.97500458
performance_alias,"performance,serde",ruviz,scatter,scatter,500k,public_api_render,png_bytes,500000,640,480,100,131090,,6151ba3542b2b645cbbb4be0fbf8bb868a18da7e9e93fcfc0dfdffe3b5bf0048,5,20,56.20482725000001,56.315270999999996,57.01848365,55.336709,57.11,0.6180013786001378,8878586.413976416
performance_alias,"performance,serde",ruviz,scatter,scatter,500k,save_only,png_bytes,500000,640,480,100,131090,skia,6151ba3542b2b645cbbb4be0fbf8bb868a18da7e9e93fcfc0dfdffe3b5bf0048,5,20,54.46167505000001,54.46825,55.6350667,53.458042,55.747959,0.7991946114806674,9179659.71001455
performance_alias,"performance,serde",ruviz,scatter,scatter,500k,public_api_save,png_bytes,500000,640,480,100,131090,skia,6151ba3542b2b645cbbb4be0fbf8bb868a18da7e9e93fcfc0dfdffe3b5bf0048,5,20,56.80919365,56.784771000000006,59.0826934,55.350292,59.923166,1.3899305708061087,8805177.712172158
performance_alias,"performance,serde",ruviz,histogram,histogram,100k,render_only,png_bytes,100000,640,480,100,22387,,52c1b6c47f7aa39ea17de6f03853499569caeef82ed7d0d2527b9636d212c24a,5,20,3.06988935,3.068396,3.08524965,3.0543329999999997,3.102666,0.01131944746315182,32590317.547018055
performance_alias,"performance,serde",ruviz,histogram,histogram,100k,public_api_render,png_bytes,100000,640,480,100,22387,,52c1b6c47f7aa39ea17de6f03853499569caeef82ed7d0d2527b9636d212c24a,5,20,4.66831045,4.645083,4.80763365,4.597584,4.809375,0.06336845301175206,21528140.616647758
performance_alias,"performance,serde",ruviz,histogram,histogram,100k,save_only,png_bytes,100000,640,480,100,22387,skia,52c1b6c47f7aa39ea17de6f03853499569caeef82ed7d0d2527b9636d212c24a,5,20,3.0683397,3.0636254999999997,3.09520625,3.045333,3.13,0.02028587149795586,32641065.299919985
performance_alias,"performance,serde",ruviz,histogram,histogram,100k,public_api_save,png_bytes,100000,640,480,100,22387,skia,52c1b6c47f7aa39ea17de6f03853499569caeef82ed7d0d2527b9636d212c24a,5,20,4.604425049999999,4.6027915,4.6590702,4.562374999999999,4.669124999999999,0.026804772272420414,21725946.091627218
performance_alias,"performance,serde",ruviz,histogram,histogram,1m,render_only,png_bytes,1000000,640,480,100,23392,,4411c1d13a7c32a0e886b128951e4891611f7298039147b3e7a42b6368c63ad1,5,20,3.9930147000000007,3.9935625,4.05094375,3.931416,4.068874999999999,0.03697683772038912,250402992.3157582
performance_alias,"performance,serde",ruviz,histogram,histogram,1m,public_api_render,png_bytes,1000000,640,480,100,23392,,4411c1d13a7c32a0e886b128951e4891611f7298039147b3e7a42b6368c63ad1,5,20,22.4822249,22.740125,23.6204306,21.212416,23.677708,0.9446170736787243,43975132.062818475
performance_alias,"performance,serde",ruviz,histogram,histogram,1m,save_only,png_bytes,1000000,640,480,100,23392,skia,4411c1d13a7c32a0e886b128951e4891611f7298039147b3e7a42b6368c63ad1,5,20,3.9163250999999994,3.9199374999999996,3.97124615,3.861167,3.979875,0.035600203040373084,255106108.19687817
performance_alias,"performance,serde",ruviz,histogram,histogram,1m,public_api_save,png_bytes,1000000,640,480,100,23392,skia,4411c1d13a7c32a0e886b128951e4891611f7298039147b3e7a42b6368c63ad1,5,20,21.37862905,21.320521,21.8578792,20.990499999999997,22.620334,0.3550388559047522,46903169.01730497
performance_alias,"performance,serde",ruviz,histogram,histogram,5m,render_only,png_bytes,5000000,640,480,100,23458,,88dd6f1a74af9aaccc11779d73399b58293f641714c0d89731e364217cbff3b0,5,20,7.354148,7.3245415000000005,7.67772295,7.175875,7.805459,0.16812333469118498,682636585.5118712
performance_alias,"performance,serde",ruviz,histogram,histogram,5m,public_api_render,png_bytes,5000000,640,480,100,23458,,88dd6f1a74af9aaccc11779d73399b58293f641714c0d89731e364217cbff3b0,5,20,126.93088125,126.9630415,131.15943510000002,120.843625,132.49375,3.0732114102094172,39381539.23321063
performance_alias,"performance,serde",ruviz,histogram,histogram,5m,save_only,png_bytes,5000000,640,480,100,23458,skia,88dd6f1a74af9aaccc11779d73399b58293f641714c0d89731e364217cbff3b0,5,20,7.335662600000001,7.291271,7.507601750000001,7.177042,7.697958000000001,0.11968512632623303,685751496.5497785
performance_alias,"performance,serde",ruviz,histogram,histogram,5m,public_api_save,png_bytes,5000000,640,480,100,23458,skia,88dd6f1a74af9aaccc11779d73399b58293f641714c0d89731e364217cbff3b0,5,20,129.1256126,128.7665625,136.9490381,120.61145900000001,140.351541,4.644456336507614,38829956.34056784
performance_alias,"performance,serde",ruviz,heatmap,heatmap,512x512,render_only,png_bytes,262144,640,640,100,531549,,d6e83388d86d7ccf73c04735510f2453502c221c0a33edab5818c4f79f4e3ec7,5,20,6.559939600000002,6.5089165,6.79433125,6.452542,6.876625,0.11578248784927894,40274598.69856988
performance_alias,"performance,serde",ruviz,heatmap,heatmap,512x512,public_api_render,png_bytes,262144,640,640,100,531549,,d6e83388d86d7ccf73c04735510f2453502c221c0a33edab5818c4f79f4e3ec7,5,20,7.456781250000001,7.3565,7.639525000000001,7.294625,8.920124999999999,0.3517214796735851,35634336.98090125
performance_alias,"performance,serde",ruviz,heatmap,heatmap,512x512,save_only,png_bytes,262144,640,640,100,531549,skia,d6e83388d86d7ccf73c04735510f2453502c221c0a33edab5818c4f79f4e3ec7,5,20,6.54192915,6.4941455,6.6976580000000006,6.413292,6.872458,0.11817907149712975,40366203.682994165
performance_alias,"performance,serde",ruviz,heatmap,heatmap,512x512,public_api_save,png_bytes,262144,640,640,100,531549,skia,d6e83388d86d7ccf73c04735510f2453502c221c0a33edab5818c4f79f4e3ec7,5,20,7.639497899999998,7.631375,7.941726449999999,7.3595,8.04975,0.18543183169362426,34350821.44436619
performance_alias,"performance,serde",ruviz,heatmap,heatmap,1024x1024,render_only,png_bytes,1048576,640,640,100,717492,,b300137331a87f639a564df0c3cbf9cd7231cbd67ead169ae49a9fa3994887c5,5,20,14.312220900000003,14.314104,14.6318622,14.125499999999999,14.701291999999999,0.15973089286372272,73254742.31569088
performance_alias,"performance,serde",ruviz,heatmap,heatmap,1024x1024,public_api_render,png_bytes,1048576,640,640,100,717492,,b300137331a87f639a564df0c3cbf9cd7231cbd67ead169ae49a9fa3994887c5,5,20,18.018633300000005,17.7994165,18.8225503,17.566042,20.518458,0.6430726821586711,58910695.190485604
performance_alias,"performance,serde",ruviz,heatmap,heatmap,1024x1024,save_only,png_bytes,1048576,640,640,100,717492,skia,b300137331a87f639a564df0c3cbf9cd7231cbd67ead169ae49a9fa3994887c5,5,20,14.3701707,14.343687,14.8689059,14.026333000000001,15.022291000000001,0.24312804325858303,73103658.77336839
performance_alias,"performance,serde",ruviz,heatmap,heatmap,1024x1024,public_api_save,png_bytes,1048576,640,640,100,717492,skia,b300137331a87f639a564df0c3cbf9cd7231cbd67ead169ae49a9fa3994887c5,5,20,18.695204150000002,18.8071245,20.30381285,17.176917,21.505959,1.031708639556235,55754190.386733495
performance_alias,"performance,serde",ruviz,heatmap,heatmap,2048x2048,render_only,png_bytes,4194304,640,640,100,851187,,2c5b8bacf8c3f6c2ef6b288cab14a31d5528affcea5b33b4e0c6de0cded48a17,5,20,39.25158335,39.146875,39.9064208,38.857292,40.356166,0.36675729187890066,107142754.0512493
performance_alias,"performance,serde",ruviz,heatmap,heatmap,2048x2048,public_api_render,png_bytes,4194304,640,640,100,851187,,2c5b8bacf8c3f6c2ef6b288cab14a31d5528affcea5b33b4e0c6de0cded48a17,5,20,51.75244794999999,51.6698335,52.1929702,51.347625,52.842375,0.34338198906212364,81175101.90931812
performance_alias,"performance,serde",ruviz,heatmap,heatmap,2048x2048,save_only,png_bytes,4194304,640,640,100,851187,skia,2c5b8bacf8c3f6c2ef6b288cab14a31d5528affcea5b33b4e0c6de0cded48a17,5,20,39.67217505000001,39.420291500000005,40.849254200000004,38.851167,43.226709,0.9804432759815421,106399619.08957471
performance_alias,"performance,serde",ruviz,heatmap,heatmap,2048x2048,public_api_save,png_bytes,4194304,640,640,100,851187,skia,2c5b8bacf8c3f6c2ef6b288cab14a31d5528affcea5b33b4e0c6de0cded48a17,5,20,52.61961885000001,51.953250499999996,55.22865145,51.454791,56.14275,1.4171559892161056,80732272.94988982
gpu_only,"gpu,serde",ruviz,line,line,100k,render_only,png_bytes,100000,640,480,100,38707,,b011dead6d088b24bf6de0b18338f6f1c160e63fa55daae5584ab9176cf930e9,5,20,11.063150100000001,11.057811999999998,11.1445271,10.945417,11.278042000000001,0.07090368865610668,9043380.372174894
gpu_only,"gpu,serde",ruviz,line,line,100k,public_api_render,png_bytes,100000,640,480,100,38707,,b011dead6d088b24bf6de0b18338f6f1c160e63fa55daae5584ab9176cf930e9,5,20,11.514779200000001,11.497395999999998,11.716018449999998,11.358208999999999,11.729042,0.11260102926359536,8697621.617973324
gpu_only,"gpu,serde",ruviz,line,line,100k,save_only,png_bytes,100000,640,480,100,38707,skia,b011dead6d088b24bf6de0b18338f6f1c160e63fa55daae5584ab9176cf930e9,5,20,11.1009145,11.101021,11.178346150000001,11.012708,11.22925,0.05238773915566602,9008180.418720044
gpu_only,"gpu,serde",ruviz,line,line,100k,public_api_save,png_bytes,100000,640,480,100,38707,skia,b011dead6d088b24bf6de0b18338f6f1c160e63fa55daae5584ab9176cf930e9,5,20,11.541272750000001,11.526979,11.6792521,11.4495,11.681667,0.07434355088646165,8675299.920300018
gpu_only,"gpu,serde",ruviz,line,line,500k,render_only,png_bytes,500000,640,480,100,23434,,bb2c854f3c82323e5fdb91fa340248e3f1cff60601ae3783f961a40ada3de5e0,5,20,26.303510300000006,26.2542705,26.792676750000002,25.911416,26.951208,0.2462126767340319,19044520.776153352
gpu_only,"gpu,serde",ruviz,line,line,500k,public_api_render,png_bytes,500000,640,480,100,23434,,bb2c854f3c82323e5fdb91fa340248e3f1cff60601ae3783f961a40ada3de5e0,5,20,26.939608400000004,26.9327915,27.1328146,26.675334,27.193417,0.13784754367183283,18564729.912976157
gpu_only,"gpu,serde",ruviz,line,line,500k,save_only,png_bytes,500000,640,480,100,23434,skia,bb2c854f3c82323e5fdb91fa340248e3f1cff60601ae3783f961a40ada3de5e0,5,20,26.430320849999998,26.2896665,26.990554500000002,25.80125,27.152292000000003,0.4133771773009391,19018879.528197896
gpu_only,"gpu,serde",ruviz,line,line,500k,public_api_save,png_bytes,500000,640,480,100,23434,skia,bb2c854f3c82323e5fdb91fa340248e3f1cff60601ae3783f961a40ada3de5e0,5,20,27.847891550000003,26.9951455,31.4182104,26.739875,34.637958000000005,1.9808857552901746,18521848.67831144
gpu_only,"gpu,serde",ruviz,line,line,1m,render_only,png_bytes,1000000,640,480,100,25404,,a99f5c6c0498478ac2e21ec841c22c98fa67971d4e5be8cb3469ac9e62356b73,5,20,35.50709595,35.79175,36.12135385,33.688750000000006,36.2215,0.8104284341007526,27939399.442608982
gpu_only,"gpu,serde",ruviz,line,line,1m,public_api_render,png_bytes,1000000,640,480,100,25404,,a99f5c6c0498478ac2e21ec841c22c98fa67971d4e5be8cb3469ac9e62356b73,5,20,38.738508200000005,38.446833,40.00083269999999,37.591583,40.118,0.8721720706772444,26009944.6942743
gpu_only,"gpu,serde",ruviz,line,line,1m,save_only,png_bytes,1000000,640,480,100,25404,skia,a99f5c6c0498478ac2e21ec841c22c98fa67971d4e5be8cb3469ac9e62356b73,5,20,34.6175793,34.211020500000004,35.821792,33.650167,36.002292,0.8295771137248876,29230346.987164557
gpu_only,"gpu,serde",ruviz,line,line,1m,public_api_save,png_bytes,1000000,640,480,100,25404,skia,a99f5c6c0498478ac2e21ec841c22c98fa67971d4e5be8cb3469ac9e62356b73,5,20,38.796266499999994,38.197208,40.20763924999999,37.88425,40.268083000000004,0.9220357037999934,26179923.935801797
gpu_only,"gpu,serde",ruviz,scatter,scatter,100k,render_only,png_bytes,100000,640,480,100,106974,,a46d0038919ead765fe86c88bfecc07db54acdbe2c751326d1c3a64350d257d8,5,20,12.42150205,12.4176875,12.5400024,12.299249999999999,12.589125,0.07608332010885742,8053029.197263983
gpu_only,"gpu,serde",ruviz,scatter,scatter,100k,public_api_render,png_bytes,100000,640,480,100,106974,,a46d0038919ead765fe86c88bfecc07db54acdbe2c751326d1c3a64350d257d8,5,20,13.132274950000001,13.079875000000001,13.530212800000001,12.638791999999999,13.571458,0.3264192314055935,7645333.002035569
gpu_only,"gpu,serde",ruviz,scatter,scatter,100k,save_only,png_bytes,100000,640,480,100,106974,skia,a46d0038919ead765fe86c88bfecc07db54acdbe2c751326d1c3a64350d257d8,5,20,12.339077049999998,12.3024375,12.699432999999999,12.087208,12.772583000000001,0.18879934001793533,8128470.475871144
gpu_only,"gpu,serde",ruviz,scatter,scatter,100k,public_api_save,png_bytes,100000,640,480,100,106974,skia,a46d0038919ead765fe86c88bfecc07db54acdbe2c751326d1c3a64350d257d8,5,20,13.942991699999999,13.9300415,14.564458349999999,13.287,15.024417,0.44168552507818193,7178729.510604831
gpu_only,"gpu,serde",ruviz,scatter,scatter,250k,render_only,png_bytes,250000,640,480,100,125256,,13bf7083712ae181cae3443a816b8c78bba1e470f1d55bb8c09f5c089cecaa12,5,20,27.8556959,27.8743335,28.0389399,27.566625000000002,28.1795,0.1836121513794765,8968824.3128755
gpu_only,"gpu,serde",ruviz,scatter,scatter,250k,public_api_render,png_bytes,250000,640,480,100,125256,,13bf7083712ae181cae3443a816b8c78bba1e470f1d55bb8c09f5c089cecaa12,5,20,28.83026234999999,28.757728999999998,29.3108048,28.388333000000003,30.134375000000002,0.40343096526096955,8693315.108435718
gpu_only,"gpu,serde",ruviz,scatter,scatter,250k,save_only,png_bytes,250000,640,480,100,125256,skia,13bf7083712ae181cae3443a816b8c78bba1e470f1d55bb8c09f5c089cecaa12,5,20,27.986797850000006,28.0506455,28.2658027,27.537416,28.388707999999998,0.23507376461762505,8912450.873902349
gpu_only,"gpu,serde",ruviz,scatter,scatter,250k,public_api_save,png_bytes,250000,640,480,100,125256,skia,13bf7083712ae181cae3443a816b8c78bba1e470f1d55bb8c09f5c089cecaa12,5,20,29.201485349999995,29.0663545,30.286152050000002,28.538332999999998,30.403040999999998,0.4886128742084468,8601009.803276155
gpu_only,"gpu,serde",ruviz,scatter,scatter,500k,render_only,png_bytes,500000,640,480,100,131090,,6151ba3542b2b645cbbb4be0fbf8bb868a18da7e9e93fcfc0dfdffe3b5bf0048,5,20,55.3350771,55.0965415,56.44655865,54.290125,56.727125,0.7775179387727739,9074979.778903183
gpu_only,"gpu,serde",ruviz,scatter,scatter,500k,public_api_render,png_bytes,500000,640,480,100,131090,,6151ba3542b2b645cbbb4be0fbf8bb868a18da7e9e93fcfc0dfdffe3b5bf0048,5,20,58.637122899999994,58.45343750000001,62.82165655,56.388959,63.866458,2.085060555194877,8553816.87347301
gpu_only,"gpu,serde",ruviz,scatter,scatter,500k,save_only,png_bytes,500000,640,480,100,131090,skia,6151ba3542b2b645cbbb4be0fbf8bb868a18da7e9e93fcfc0dfdffe3b5bf0048,5,20,55.51144795000001,55.557959,56.463589549999995,54.315875,56.529416,0.7309608416464404,8999610.658843677
gpu_only,"gpu,serde",ruviz,scatter,scatter,500k,public_api_save,png_bytes,500000,640,480,100,131090,skia,6151ba3542b2b645cbbb4be0fbf8bb868a18da7e9e93fcfc0dfdffe3b5bf0048,5,20,57.2702543,56.994958499999996,58.36762470000001,56.553459000000004,58.556042000000005,0.6813242122524973,8772705.747298684
gpu_only,"gpu,serde",ruviz,histogram,histogram,100k,render_only,png_bytes,100000,640,480,100,22387,,52c1b6c47f7aa39ea17de6f03853499569caeef82ed7d0d2527b9636d212c24a,5,20,3.11019385,3.107479,3.13650275,3.0742909999999997,3.1705840000000003,0.024433166348601307,32180426.64166033
gpu_only,"gpu,serde",ruviz,histogram,histogram,100k,public_api_render,png_bytes,100000,640,480,100,22387,,52c1b6c47f7aa39ea17de6f03853499569caeef82ed7d0d2527b9636d212c24a,5,20,4.700212550000001,4.6955,4.781887500000001,4.607084,4.919874999999999,0.0694078977248,21296986.47641359
gpu_only,"gpu,serde",ruviz,histogram,histogram,100k,save_only,png_bytes,100000,640,480,100,22387,skia,52c1b6c47f7aa39ea17de6f03853499569caeef82ed7d0d2527b9636d212c24a,5,20,3.128599950000001,3.128813,3.1671792000000005,3.0765409999999997,3.218084,0.032631991808935404,31961002.463234458
gpu_only,"gpu,serde",ruviz,histogram,histogram,100k,public_api_save,png_bytes,100000,640,480,100,22387,skia,52c1b6c47f7aa39ea17de6f03853499569caeef82ed7d0d2527b9636d212c24a,5,20,4.6844188,4.6778125,4.718660750000001,4.597333,4.9607920000000005,0.07043814715770527,21377513.527957782
gpu_only,"gpu,serde",ruviz,histogram,histogram,1m,render_only,png_bytes,1000000,640,480,100,23392,,4411c1d13a7c32a0e886b128951e4891611f7298039147b3e7a42b6368c63ad1,5,20,4.0156583,3.997604,4.11376635,3.940583,4.297750000000001,0.08181022188294595,250149839.75401264
gpu_only,"gpu,serde",ruviz,histogram,histogram,1m,public_api_render,png_bytes,1000000,640,480,100,23392,,4411c1d13a7c32a0e886b128951e4891611f7298039147b3e7a42b6368c63ad1,5,20,21.664539550000004,21.502104,23.08519825,21.066625,23.164167,0.5893419010046157,46507076.702819414
gpu_only,"gpu,serde",ruviz,histogram,histogram,1m,save_only,png_bytes,1000000,640,480,100,23392,skia,4411c1d13a7c32a0e886b128951e4891611f7298039147b3e7a42b6368c63ad1,5,20,4.108791649999999,4.115854499999999,4.28761875,3.9169169999999998,4.299375,0.13156024581127723,242962913.29054517
gpu_only,"gpu,serde",ruviz,histogram,histogram,1m,public_api_save,png_bytes,1000000,640,480,100,23392,skia,4411c1d13a7c32a0e886b128951e4891611f7298039147b3e7a42b6368c63ad1,5,20,22.586627099999998,22.4243545,23.700839900000002,21.344959,24.920125000000002,0.9621418879398251,44594371.71313003
gpu_only,"gpu,serde",ruviz,histogram,histogram,5m,render_only,png_bytes,5000000,640,480,100,23458,,88dd6f1a74af9aaccc11779d73399b58293f641714c0d89731e364217cbff3b0,5,20,7.397849950000001,7.380853999999999,7.6159690499999995,7.159625,8.115708,0.20205465429080394,677428384.3034967
gpu_only,"gpu,serde",ruviz,histogram,histogram,5m,public_api_render,png_bytes,5000000,640,480,100,23458,,88dd6f1a74af9aaccc11779d73399b58293f641714c0d89731e364217cbff3b0,5,20,131.28213749999995,125.19916649999999,158.5292646,120.810125,169.124417,13.765158234564604,39936368.10673177
gpu_only,"gpu,serde",ruviz,histogram,histogram,5m,save_only,png_bytes,5000000,640,480,100,23458,skia,88dd6f1a74af9aaccc11779d73399b58293f641714c0d89731e364217cbff3b0,5,20,7.29101255,7.2299795,7.5315059,7.165667,7.582291,0.1276525405113324,691564893.0954784
gpu_only,"gpu,serde",ruviz,histogram,histogram,5m,public_api_save,png_bytes,5000000,640,480,100,23458,skia,88dd6f1a74af9aaccc11779d73399b58293f641714c0d89731e364217cbff3b0,5,20,128.66391040000002,129.24175000000002,133.08742855000003,120.72575,135.341542,3.959952735606677,38687188.9308215
gpu_only,"gpu,serde",ruviz,heatmap,heatmap,512x512,render_only,png_bytes,262144,640,640,100,531549,,d6e83388d86d7ccf73c04735510f2453502c221c0a33edab5818c4f79f4e3ec7,5,20,6.4636979,6.454188,6.5459973,6.4088330000000004,6.6757919999999995,0.059058371502402444,40616108.48645871
gpu_only,"gpu,serde",ruviz,heatmap,heatmap,512x512,public_api_render,png_bytes,262144,640,640,100,531549,,d6e83388d86d7ccf73c04735510f2453502c221c0a33edab5818c4f79f4e3ec7,5,20,7.297218750000001,7.292937,7.364693750000001,7.226959,7.4704999999999995,0.057739972642214456,35944914.92247911
gpu_only,"gpu,serde",ruviz,heatmap,heatmap,512x512,save_only,png_bytes,262144,640,640,100,531549,skia,d6e83388d86d7ccf73c04735510f2453502c221c0a33edab5818c4f79f4e3ec7,5,20,6.4466771,6.4385,6.594789899999999,6.376417,6.692125,0.07579745462460069,40715073.38665838
gpu_only,"gpu,serde",ruviz,heatmap,heatmap,512x512,public_api_save,png_bytes,262144,640,640,100,531549,skia,d6e83388d86d7ccf73c04735510f2453502c221c0a33edab5818c4f79f4e3ec7,5,20,7.262054049999999,7.2652705,7.3479892499999995,7.1734160000000005,7.348583,0.0504591078237199,36081794.88981175
gpu_only,"gpu,serde",ruviz,heatmap,heatmap,1024x1024,render_only,png_bytes,1048576,640,640,100,717492,,b300137331a87f639a564df0c3cbf9cd7231cbd67ead169ae49a9fa3994887c5,5,20,13.674768649999999,13.656749999999999,13.830645200000001,13.539458000000002,13.858749999999999,0.09672810766825514,76780786.05817637
gpu_only,"gpu,serde",ruviz,heatmap,heatmap,1024x1024,public_api_render,png_bytes,1048576,640,640,100,717492,,b300137331a87f639a564df0c3cbf9cd7231cbd67ead169ae49a9fa3994887c5,5,20,17.4628334,17.3579165,17.96383785,17.143958,18.166584,0.28618849989297196,60409093.45312267
gpu_only,"gpu,serde",ruviz,heatmap,heatmap,1024x1024,save_only,png_bytes,1048576,640,640,100,717492,skia,b300137331a87f639a564df0c3cbf9cd7231cbd67ead169ae49a9fa3994887c5,5,20,13.71329585,13.636375000000001,14.05390625,13.448875000000001,14.123375000000001,0.2036238136301651,76895509.25374228
gpu_only,"gpu,serde",ruviz,heatmap,heatmap,1024x1024,public_api_save,png_bytes,1048576,640,640,100,717492,skia,b300137331a87f639a564df0c3cbf9cd7231cbd67ead169ae49a9fa3994887c5,5,20,17.223520650000005,17.172125,17.481475,17.048000000000002,17.60925,0.14923507307327807,61062681.52601964
gpu_only,"gpu,serde",ruviz,heatmap,heatmap,2048x2048,render_only,png_bytes,4194304,640,640,100,851187,,2c5b8bacf8c3f6c2ef6b288cab14a31d5528affcea5b33b4e0c6de0cded48a17,5,20,39.71290835,38.774395999999996,43.799722900000006,38.456917,43.894208,1.8434927645816155,108172000.92555924
gpu_only,"gpu,serde",ruviz,heatmap,heatmap,2048x2048,public_api_render,png_bytes,4194304,640,640,100,851187,,2c5b8bacf8c3f6c2ef6b288cab14a31d5528affcea5b33b4e0c6de0cded48a17,5,20,52.24831049999999,52.2425625,53.84197295,50.851292,54.240459,0.832884384818173,80285188.92043245
gpu_only,"gpu,serde",ruviz,heatmap,heatmap,2048x2048,save_only,png_bytes,4194304,640,640,100,851187,skia,2c5b8bacf8c3f6c2ef6b288cab14a31d5528affcea5b33b4e0c6de0cded48a17,5,20,39.6647397,39.7493965,40.24538365000001,38.559875,41.197125,0.6200207136882053,105518683.78680918
gpu_only,"gpu,serde",ruviz,heatmap,heatmap,2048x2048,public_api_save,png_bytes,4194304,640,640,100,851187,skia,2c5b8bacf8c3f6c2ef6b288cab14a31d5528affcea5b33b4e0c6de0cded48a17,5,20,52.23190629999999,52.176708000000005,52.938936049999995,51.43925,54.70075,0.6817486354668064,80386520.36077094
